pdb_id,resolution,method,mapping,uniprot_accessions,kept_ligands,excluded_ligands
1GQ4,1.9,X-ray,primary,P07550,,CL
2R4R,3.4,X-ray,primary,P07550,,
2R4S,3.4,X-ray,primary,P07550,,
2RH1,2.4,X-ray,primary,P00720;P07550,ACM;CAU,12P;BU1;CLR;PLM;SO4
3D4S,2.8,X-ray,primary,P00720;P07550,TIM,CLR;OLC
3KJ6,3.4,X-ray,primary,P07550,,SO4
3NY8,2.84,X-ray,primary,P00720;P07550,JRZ,CLR;OLA;OLC;PGE
3NY9,2.84,X-ray,primary,P00720;P07550,JSZ,CLR;OLC
3NYA,3.16,X-ray,primary,P00720;P07550,JTZ,CLR
3P0G,3.5,X-ray,primary,P00720;P07550,P0G,
3PDS,3.5,X-ray,primary,P00720;P07550,ERC,CLR;SO4
3SN6,3.2,X-ray,primary,P00720;P04896;P07550;P54311;P63212,P0G,
4GBR,3.993,X-ray,primary,P00720;P07550,CAU,
4LDE,2.79,X-ray,primary,P00720;P07550,1WV;P0G,NA
4LDL,3.1,X-ray,primary,P00720;P07550,1WV;XQC,NA
4LDO,3.2,X-ray,primary,P00720;P07550,1WV;ALE,NA
4QKX,3.3,X-ray,primary,P00720;P07550,35V,NA
5D5A,2.4826,X-ray,primary,P00720;P07550,ACM;CAU,12P;BU1;CLR;PLM;SO4
5D5B,3.8,X-ray,primary,P00720;P07550,ACM;CAU,BU1;CLR;PLM;SO4
5D6L,3.2,X-ray,primary,P00720;P07550,ACM;CAU,12P;BU1;CLR;PLM;SO4
5JQH,3.2,X-ray,primary,P00720;P07550,CAU,CLR
5X7D,2.703,X-ray,primary,P00720;P07550,8VS;ACM;CAU,BU1;CLR;EPE
6E67,3.7,X-ray,primary,A0A097J809;P07550;P63092,P0G,
6KR8,,NMR,primary,P07550,,
6MXT,2.95934213525,X-ray,primary,P00720;P07550,HTO;K5Y;MG;NI,OLA;OLC;P33
6N48,3.2,X-ray,primary,P07550,1WV;KBY;P0G,
6NI3,3.8,EM,primary,A0A097J809;P07550;P59768;P62873;P63092,P0G,
6OBA,3.1,X-ray,primary,D9IEF7;P07550,JTZ;M3J,CLR
6PRZ,2.8,X-ray,primary,D9IEF7;P07550,JTZ,CLR;OLA;OLC;SO4
6PS0,3.4,X-ray,primary,D9IEF7;P07550,CAU,CLR;OLA;OLC;SO4
6PS1,3.2,X-ray,primary,D9IEF7;P07550,TIM,CLR;OLA;OLC;SO4
6PS2,2.4,X-ray,primary,D9IEF7;P07550,JTZ,CLR;OLA;OLB;OLC;SO4
6PS3,2.5,X-ray,primary,D9IEF7;P07550,CVD,CLR;OLA;OLC;SO4
6PS4,2.6,X-ray,primary,D9IEF7;P07550,JRZ,CLR;OLA;OLC;SO4
6PS5,2.9,X-ray,primary,D9IEF7;P07550,SNP,CLR;OLA;OLC;SO4
6PS6,2.7,X-ray,primary,D9IEF7;P07550,TIM,CLR;OLA;OLC;SO4
7BZ2,3.82,EM,primary,P07550;P62871;P63092;P63212,H98,
7DHI,3.26,EM,primary,P07550;P62871;P63092;P63212,68H,
7DHR,3.8,EM,primary,P07550;P62871;P63092;P63212,5FW,
7XK9,3.4,X-ray,primary,P00720;P07550,GJ6,NA
7XKA,3.1,X-ray,primary,P00720;P07550,G1I,NA
8GDZ,3.5,EM,primary,P07550;P59768;P62873;P63092,G1I,
8GE1,3.4,EM,primary,P07550;P59768;P62873;P63092,G1I,
8GE2,3.3,EM,primary,P07550;P59768;P62873;P63092,G1I,
8GE3,3.3,EM,primary,P07550;P59768;P62873;P63092,G1I,
8GE4,3.3,EM,primary,P07550;P59768;P62873;P63092,G1I,
8GE5,3.2,EM,primary,P07550;P59768;P62873;P63092,G1I,
8GE6,3.4,EM,primary,P07550;P59768;P62873;P63092,G1I,
8GE7,3.4,EM,primary,P07550;P59768;P62873;P63092,G1I,
8GE8,3.4,EM,primary,P07550;P59768;P62873;P63092,G1I,
8GE9,3.5,EM,primary,P07550;P59768;P62873;P63092,G1I,
8GEA,3.5,EM,primary,P07550;P59768;P62873;P63092,G1I,
8GEB,3.6,EM,primary,P07550;P59768;P62873;P63092,G1I,
8GEC,3.5,EM,primary,P07550;P59768;P62873;P63092,G1I,
8GED,3.5,EM,primary,P07550;P59768;P62873;P63092,G1I,
8GEE,3.7,EM,primary,P07550;P59768;P62873;P63092,G1I,
8GEF,3.8,EM,primary,P07550;P59768;P62873;P63092,G1I,
8GEG,3.8,EM,primary,P07550;P59768;P62873;P63092,G1I,
8GEH,4.0,EM,primary,P07550;P59768;P62873;P63092,G1I,
8GEI,4.1,EM,primary,P07550;P59768;P62873;P63092,G1I,
8GEJ,4.2,EM,primary,P07550;P59768;P62873;P63092,G1I,
8GFV,3.1,EM,primary,P07550;P59768;P62873;P63092,G1I;GTP,
8GFW,3.0,EM,primary,P07550;P59768;P62873;P63092,G1I;GTP,
8GFX,3.0,EM,primary,P07550;P59768;P62873;P63092,G1I;GTP,
8GFY,3.0,EM,primary,P07550;P59768;P62873;P63092,G1I;GTP,
8GFZ,3.0,EM,primary,P07550;P59768;P62873;P63092,G1I;GTP,
8GG0,2.9,EM,primary,P07550;P59768;P62873;P63092,G1I;GTP,
8GG1,3.0,EM,primary,P07550;P59768;P62873;P63092,G1I;GTP,
8GG2,3.0,EM,primary,P07550;P59768;P62873;P63092,G1I;GTP,
8GG3,3.1,EM,primary,P07550;P59768;P62873;P63092,G1I;GTP,
8GG4,3.2,EM,primary,P07550;P59768;P62873;P63092,G1I;GTP,
8GG5,3.2,EM,primary,P07550;P59768;P62873;P63092,G1I;GTP,
8GG6,3.3,EM,primary,P07550;P59768;P62873;P63092,G1I;GTP,
8GG7,3.3,EM,primary,P07550;P59768;P62873;P63092,G1I;GTP,
8GG8,3.3,EM,primary,P07550;P59768;P62873;P63092,G1I;GTP,
8GG9,3.4,EM,primary,P07550;P59768;P62873;P63092,G1I;GTP,
8GGA,3.5,EM,primary,P07550;P59768;P62873;P63092,G1I;GTP,
8GGB,3.5,EM,primary,P07550;P59768;P62873;P63092,G1I;GTP,
8GGC,3.4,EM,primary,P07550;P59768;P62873;P63092,G1I;GTP,
8GGE,3.5,EM,primary,P07550;P59768;P62873;P63092,G1I;GTP,
8GGF,3.6,EM,primary,P07550;P59768;P62873;P63092,G1I;GTP,
8GGI,3.5,EM,primary,P07550,G1I,
8GGJ,3.5,EM,primary,P07550,G1I,
8GGK,3.3,EM,primary,P07550,G1I,
8GGL,3.2,EM,primary,P07550,G1I,
8GGM,3.2,EM,primary,P07550,G1I,
8GGN,3.3,EM,primary,P07550,G1I,
8GGO,3.2,EM,primary,P07550,G1I,
8GGP,3.2,EM,primary,P07550,G1I,
8GGQ,3.4,EM,primary,P07550,G1I,
8GGR,3.4,EM,primary,P07550,G1I,
8GGS,3.5,EM,primary,P07550,G1I,
8GGT,3.5,EM,primary,P07550,G1I,
8GGU,3.4,EM,primary,P07550,G1I,
8GGV,3.5,EM,primary,P07550,G1I,
8GGW,3.6,EM,primary,P07550,G1I,
8GGX,3.6,EM,primary,P07550,G1I,
8GGY,3.9,EM,primary,P07550,G1I,
8GGZ,3.9,EM,primary,P07550,G1I,
8GH0,4.0,EM,primary,P07550,G1I,
8GH1,4.1,EM,primary,P07550,G1I,
8JJ8,3.2,EM,primary,P07550;P0ABE7,H98,
8JJL,3.2,EM,primary,P07550;P0ABE7,DZQ,
8JJO,3.4,EM,primary,P07550;P0ABE7,JTZ,
8UHB,3.35,EM,primary,P07550;P0ABE7;P59768;P62873;P63095;Q96RJ0,WV8,
8UNL,3.3,EM,primary,P07550;P59768;P62873;P63092,G1I;GTP,
8UNM,3.4,EM,primary,P07550;P59768;P62873;P63092,G1I;GTP,
8UNN,3.4,EM,primary,P07550;P59768;P62873;P63092,G1I;GTP,
8UNO,3.3,EM,primary,P07550;P59768;P62873;P63092,G1I;GTP,
8UNP,3.3,EM,primary,P07550;P59768;P62873;P63092,G1I;GTP,
8UNQ,3.3,EM,primary,P07550;P59768;P62873;P63092,G1I;GTP,
8UNR,3.4,EM,primary,P07550;P59768;P62873;P63092,G1I;GTP,
8UNS,3.4,EM,primary,P07550;P59768;P62873;P63092,G1I;GTP,
8UNT,3.4,EM,primary,P07550;P59768;P62873;P63092,G1I;GTP,
8UNU,3.5,EM,primary,P07550;P59768;P62873;P63092,G1I;GTP,
8UNV,3.3,EM,primary,P07550;P59768;P62873;P63092,G1I;GTP,
8UNW,3.4,EM,primary,P07550;P59768;P62873;P63092,G1I;GTP,
8UNX,3.6,EM,primary,P07550;P59768;P62873;P63092,G1I;GTP,
8UNY,3.6,EM,primary,P07550;P59768;P62873;P63092,G1I;GTP,
8UNZ,3.8,EM,primary,P07550;P59768;P62873;P63092,G1I;GTP,
8UO0,3.5,EM,primary,P07550;P59768;P62873;P63092,G1I;GTP,
8UO1,3.6,EM,primary,P07550;P59768;P62873;P63092,G1I;GTP;MG,
8UO2,3.6,EM,primary,P07550;P59768;P62873;P63092,G1I;GTP,
8UO3,3.5,EM,primary,P07550;P59768;P62873;P63092,G1I;GTP;MG,
8UO4,4.0,EM,primary,P07550;P59768;P62873;P63092,G1I;GTP;MG,
8W1V,3.0,X-ray,primary,P00720;P07550,A1AE2;AV0,
8ZBE,3.24,EM,primary,A0A9X9ZA26;P07550;P35346;P54311;P63096,,
8ZCJ,3.09,EM,primary,P07550;P35346;P54311;P63096;P63212,,
8ZWG,2.87,EM,primary,A0A1S3WMS4;P07550;P54311;P63096;Q16581,A1D9A,
9BUY,2.9,EM,primary,P07550;P59768;P62873;P63096,A1ASM;KBY,CLR
9CHU,3.49,EM,primary,P07550;P62942;P63098;P63328,E5E;FK5,
9CHV,3.95,EM,primary,P07550;P62942;P63098;P63328,FK5,
9CHX,3.5,EM,primary,P07550;P62942;P63098;P63328,CAU;FK5,
9I52,2.8,EM,primary,P07550;P21728;P59768;P62873;P63092,A1IZU,
9I54,2.72,EM,primary,P07550;P21728;P59768;P62873;P63092,A1IZV,
9L8L,3.22,EM,primary,P04896;P07550;P49407;P54311;P63212,DR7;P0G,
9LW5,2.87,EM,primary,P07550;P59768;P62873;P63092,LDP,
9RKF,2.45,X-ray,primary,P00720;P07550,A1JHU,12P;1PE;CLR;EDO;GOL;OLC;PLM;SO4
9RKG,2.45,X-ray,primary,P00720;P07550,A1JHU;ACM,12P;1PE;CLR;EDO;GOL;OLC;PLM;SO4
9RKH,2.5,X-ray,primary,P00720;P07550,A1JHU,12P;CLR;EDO;GOL;OLC;PLM;SO4
9RKI,2.6,X-ray,primary,P00720;P07550,A1JHU;ACM,12P;1PE;CLR;EDO;GOL;OLC;PLM;SO4
9U4Y,2.67,EM,primary,P07550;P59768;P62873;Q28588,,
9U9V,2.85,EM,primary,P07550;P59768;P62873;P63092,B40,
9UAM,3.3,EM,primary,P07550;P59768;P62873;Q9NS75,LTX,CLR;Y01
9W3F,3.04,EM,primary,P00720;P07550,BER,
