het,target,sign_or_track,confidence,site,pose_source,representative_pdb,pmid,evidence
35V,adrb2,separate_state,high,covalent,native,4QKX,25006259,covalent thiol-tethered catechol agonist
A1AE2,adrb2,neutral,medium,bitopic,native,8W1V,38952152,homobivalent bitopic ligand from antagonist (S)-alprenolol
A1ASM,adrb2,positive,medium,orthosteric,native,9BUY,40106559,"catecholamine agonist (salmeterol-like), active state"
A1JHU,adrb2,negative,high,orthosteric,native,9RKF,41848496,photoazolol-1; dark/trans state = inverse agonist
BER,adrb2,neutral,medium,orthosteric,native,9W3F,42129146,berberine recovered as beta2AR antagonist in screen
GJ6,adrb2,positive,medium,orthosteric,native,7XK9,37059717,"constrained catecholamine agonist, beta2AR-selective"
XQC,adrb2,positive,high,orthosteric,native,4LDL,24056936,catecholamine agonist in active-state structure
A1D9A,adrb2,unknown,high,na,mismatch,8ZWG,39788969,MISMATCH structure/citation is C3aR not beta2AR
A1IZU,adrb2,unknown,high,na,mismatch,9I52,40552668,MISMATCH structure/citation is dopamine D1/D5 not beta2AR
A1IZV,adrb2,unknown,high,na,mismatch,9I54,40552668,MISMATCH structure/citation is dopamine D1/D5 not beta2AR
WV8,adrb2,unknown,high,na,mismatch,8UHB,38168118,MISMATCH structure/citation is TAAR1 not beta2AR
B40,adrb2,unknown,,orthosteric,native,9U9V,,methamphetamine; no PMID and no established beta2AR direction
G3P,cavab,unknown,high,additive,surrogate,6JUH,30981510,additive (sn-glycerol-3-phosphate); real ligand is efonidipine
SGM,cdk2,unknown,high,additive,native,7QHL,35749742,"cryo/reducing additive (monothioglycerol), not an inhibitor"
BEN,gaba_a,unknown,medium,additive,native,4COF,24909990,benzamidine crystallisation/purification additive
BUA,gaba_a,unknown,,additive,native,9HAA,,"butanoic acid; no PMID, not functionally characterised"
IYJ,gaba_a,unknown,medium,allosteric,native,9DRX,39843743,lamotrigine binding site resolved but no stated functional direction
1HP,esr1,positive,medium,orthosteric,native,2QSE,18344977,"phenolic estrogen, no basic side chain (agonist)"
EI1,esr1,positive,medium,orthosteric,native,2QAB,18344977,"indazolol phenol estrogen, no side chain (agonist)"
KN1,esr1,positive,medium,orthosteric,native,2QZO,20924370,graded estrogenic agonist (resorcinol-indazole)
458,esr1,positive,medium,orthosteric,native,2B1V,16648639,"bicyclic phenol estrogen, no side chain (agonist)"
27L,esr1,positive,medium,orthosteric,native,4MGA,25260197,4-tert-octylphenol xenoestrogen agonist
36M,esr1,positive,medium,orthosteric,native,4TV1,25500867,propylparaben weak estrogen agonist
XDH,esr1,positive,medium,orthosteric,native,4MGB,25260197,tetrachlorobisphenol-A bisphenol estrogen agonist
5VP,esr1,positive,high,orthosteric,native,7RKE,35859859,thienopyrimidine nonsteroidal estrogen (agonist)
7FZ,esr1,positive,medium,orthosteric,native,5TN4,28042045,"phenolic environmental-estrogen mimic, no side chain"
7G0,esr1,positive,medium,orthosteric,native,5TN5,28042045,"phenolic environmental-estrogen mimic, no side chain"
ZHB,esr1,positive,medium,orthosteric,native,9W11,,deposit title; beta-zearalenol mycoestrogen agonist
A1ET8,esr1,positive,low,orthosteric,native,9W12,,deposit title; zearalenone-type macrolactone estrogen
IOG,esr1,negative,medium,orthosteric,native,2IOG,17289385,2-arylindole SERM with basic side chain (antagonist)
C3D,esr1,negative,medium,orthosteric,native,6VJD,,deposit title; lasofoxifene SERM (antagonist)
4Q7,esr1,negative,medium,orthosteric,native,4ZNV,27107013,OBHS sulfonate-ester antagonist scaffold
OFB,esr1,negative,medium,orthosteric,native,4ZNS,27107013,OBHS sulfonate-ester antagonist scaffold
OBH,esr1,negative,medium,orthosteric,native,5U2D,28306507,OBHS sulfonate-ester antagonist tool
OB2,esr1,negative,high,orthosteric,native,5KCD,27870835,OBHS-sulfonamide full antagonist
OB3,esr1,negative,high,orthosteric,native,5KCE,27870835,OBHS-sulfonamide full antagonist
OB6,esr1,negative,high,orthosteric,native,5KCT,27870835,OBHS-sulfonamide full antagonist
OB7,esr1,negative,high,orthosteric,native,5KCT,27870835,OBHS-sulfonamide full antagonist
OBT,esr1,negative,high,orthosteric,native,5KD9,27870835,OBHS-sulfonamide full antagonist
73I,esr1,negative,medium,orthosteric,native,7RS7,34452998,dual-mechanism OBHS-N full antagonist (DMERI)
77I,esr1,negative,medium,orthosteric,native,7RRZ,34452998,dual-mechanism OBHS-N full antagonist (DMERI)
7AI,esr1,negative,medium,orthosteric,native,7RRX,34452998,dual-mechanism OBHS-N full antagonist (DMERI)
7EI,esr1,negative,medium,orthosteric,native,7RS8,34452998,dual-mechanism OBHS-N full antagonist (DMERI)
7I5,esr1,negative,medium,orthosteric,native,7RS2,34452998,dual-mechanism OBHS-N full antagonist (DMERI)
7I9,esr1,negative,medium,orthosteric,native,7RS0,34452998,dual-mechanism OBHS-N full antagonist (DMERI)
7OI,esr1,negative,medium,orthosteric,native,7RS9,34452998,dual-mechanism OBHS-N full antagonist (DMERI)
7OR,esr1,negative,medium,orthosteric,native,7RS3,34452998,dual-mechanism OBHS-N full antagonist (DMERI)
7Q5,esr1,negative,medium,orthosteric,native,7RS1,34452998,dual-mechanism OBHS-N full antagonist (DMERI)
L84,esr1,negative,medium,orthosteric,native,7RRY,34452998,dual-mechanism OBHS-N full antagonist (DMERI)
NYU,esr1,negative,medium,orthosteric,native,7UJ7,35575456,11b-aminoalkoxyphenyl estradiol antiestrogen
QYM,esr1,negative,medium,orthosteric,native,7UJO,35575456,11b-aminoalkoxyphenyl estradiol antiestrogen
R3V,esr1,negative,medium,orthosteric,native,7UJF,35575456,lasofoxifene-derivative SERM antagonist
RL4,esr1,negative,medium,orthosteric,native,7UJM,35575456,lasofoxifene-derivative SERM antagonist
TS7,esr1,negative,high,orthosteric,native,8DU8,36517522,"isoquinoline SERM antagonist (SERM-like, non-degrader)"
TTU,esr1,negative,high,orthosteric,native,8DUB,36517522,"isoquinoline SERM antagonist (SERM-like, non-degrader)"
TU9,esr1,negative,high,orthosteric,native,8DUC,36517522,"isoquinoline SERM antagonist (SERM-like, non-degrader)"
TV3,esr1,negative,high,orthosteric,native,8DUD,36517522,"isoquinoline SERM antagonist (SERM-like, non-degrader)"
TW6,esr1,negative,high,orthosteric,native,8DUK,36517522,"isoquinoline SERM antagonist (SERM-like, non-degrader)"
TX9,esr1,negative,high,orthosteric,native,8DV5,36517522,"isoquinoline SERM antagonist (SERM-like, non-degrader)"
TXK,esr1,negative,high,orthosteric,native,8DV7,36517522,"isoquinoline SERM antagonist (SERM-like, non-degrader)"
TZ3,esr1,negative,high,orthosteric,native,8DV8,36517522,"isoquinoline SERM antagonist (SERM-like, non-degrader)"
A1ASN,esr1,negative,medium,orthosteric,native,9BU1,39825366,spiro-isoquinoline antiestrogen (same SERM class)
3YJ,esr1,separate_state,medium,orthosteric,native,7R62,,deposit title; ICI164384/fulvestrant-class pure antiestrogen (SERD)
86V,esr1,separate_state,medium,orthosteric,native,5UFW,29915250,OP-1074 pure antiestrogen / SERD
F3D,esr1,separate_state,high,covalent,native,6CHW,29991605,selective ER covalent antagonist
ND1,esr1,separate_state,high,covalent,native,6OWC,,deposit title; H3B-6545 covalent antagonist (Y537S)
GQD,esr1,separate_state,high,orthosteric,native,5FQP,26819673,SERD (selective ER downregulator)
QHG,esr1,separate_state,high,orthosteric,native,5FQR,26819673,SERD (selective ER downregulator)
VQI,esr1,separate_state,high,orthosteric,native,5FQV,26819673,SERD (selective ER downregulator)
H09,esr1,separate_state,high,orthosteric,native,7QVJ,36727211,zwitterionic SERD-antagonist (degrader)
H8W,esr1,separate_state,high,orthosteric,native,6IAR,30640465,tricyclic-indazole SERD-antagonist (degrader)
KE9,esr1,separate_state,high,orthosteric,native,5ACC,26407012,AZD9496 SERD (degrader)
QNE,esr1,separate_state,high,orthosteric,native,6ZOQ,32910656,AZD9833/camizestrant SERD (degrader)
LRQ,esr1,separate_state,high,orthosteric,native,6SQ0,31620239,ER degrader (SERD)
LVH,esr1,separate_state,high,orthosteric,native,6SUO,31620239,ER degrader (SERD)
A1AHO,esr1,unknown,medium,orthosteric,native,8VZ0,38830107,OBHSN series: mixed/conformer-dependent agonist-antagonist
A1AHS,esr1,unknown,medium,orthosteric,native,8VZ1,38830107,OBHSN series: mixed/conformer-dependent agonist-antagonist
A1AHU,esr1,unknown,medium,orthosteric,native,8VYX,38830107,OBHSN series: mixed/conformer-dependent agonist-antagonist
A1AHV,esr1,unknown,medium,orthosteric,native,8VYT,38830107,OBHSN series: mixed/conformer-dependent agonist-antagonist
A1AHW,esr1,unknown,medium,orthosteric,native,8VZP,38830107,OBHSN series: mixed/conformer-dependent agonist-antagonist
A1AHX,esr1,unknown,medium,orthosteric,native,8VZQ,38830107,OBHSN series: mixed/conformer-dependent agonist-antagonist
A1AHY,esr1,unknown,medium,orthosteric,native,8W07,38830107,OBHSN series: mixed/conformer-dependent agonist-antagonist
A1AHZ,esr1,unknown,medium,orthosteric,native,8W07,38830107,OBHSN series: mixed/conformer-dependent agonist-antagonist
86Y,esr1,unknown,medium,orthosteric,native,5UFX,29915250,(R)-diastereomer of OP-1074 with divergent activity
A1AIZ,esr1,unknown,,orthosteric,native,9B25,,"NA98 benzothiophene; no PMID, mechanism unconfirmed"
WST,esr1,unknown,medium,orthosteric,native,2POG,17485205,SERBA = ER-beta-selective agonist; ERalpha subtype unclear
WVR,esr1,unknown,medium,orthosteric,native,8EV1,36516582,dual CA/ER modulator; ER direction not established
WVW,esr1,unknown,medium,orthosteric,native,8EV1,36516582,dual CA/ER modulator; ER direction not established
09O,nachr_a4b2,positive,high,orthosteric,surrogate,3U8J,22170047,diazepane-pyridine alpha4beta2 agonist
09P,nachr_a4b2,positive,high,orthosteric,surrogate,3U8K,22170047,diazepane-pyridine alpha4beta2 agonist
09Q,nachr_a4b2,positive,high,orthosteric,surrogate,3U8L,22170047,diazepane-pyridine alpha4beta2 agonist
09R,nachr_a4b2,positive,high,orthosteric,surrogate,3U8M,22170047,diazepane-pyridine alpha4beta2 agonist
09S,nachr_a4b2,positive,high,orthosteric,surrogate,3U8N,22170047,diazepane-pyridine alpha4beta2 agonist
0VC,nachr_a4b2,positive,medium,orthosteric,surrogate,4FRR,,deposit title; azetidinylmethoxypyridine alpha4beta2 agonist
4P0,nachr_a4b2,positive,medium,orthosteric,surrogate,4ZJS,19890000,anatoxin-a ketone analog nAChR agonist
AN4,nachr_a4b2,positive,medium,orthosteric,surrogate,2WNL,19696737,anabasine alpha4beta2 agonist
LDQ,nachr_a4b2,positive,high,orthosteric,surrogate,6SGV,,DOI 10.1107; hosieine-A potent alpha4beta2 agonist
NSE,nachr_a4b2,positive,high,allosteric,surrogate,4NZB,24982426,NS9283 alpha4beta2 positive allosteric modulator
N2Y,nachr_a4b2,positive,low,orthosteric,surrogate,3WTN,25267717,imidacloprid-class neonicotinoid agonist (weak at vertebrate a4b2)
TH4,nachr_a4b2,positive,low,orthosteric,surrogate,3WTJ,25267717,thiacloprid-class neonicotinoid agonist (weak at vertebrate a4b2)
XRS,nachr_a4b2,positive,high,orthosteric,surrogate,3ZDH,23256554,novel alpha4beta2 nAChR agonist
XRX,nachr_a4b2,positive,high,orthosteric,surrogate,3ZDG,23256554,novel alpha4beta2 nAChR agonist
GYN,nachr_a4b2,neutral,high,orthosteric,surrogate,2X00,20224036,gymnodimine-A cyclic-imine nAChR competitive antagonist
SQX,nachr_a4b2,neutral,high,orthosteric,surrogate,2WZY,20224036,13-desmethyl spirolide-C cyclic-imine nAChR antagonist
ILR,nachr_a4b2,neutral,high,orthosteric,surrogate,8Q1M,38667766,spiroimine cyclic-imine nAChR antagonist
WSP,nachr_a4b2,neutral,high,orthosteric,surrogate,8QTL,38667766,spiroimine cyclic-imine nAChR antagonist
TKT,nachr_a4b2,neutral,medium,orthosteric,surrogate,2WNC,19696737,tropisetron-class competitive antagonist
083,nachr_a4b2,unknown,,orthosteric,surrogate,4BFQ,23695669,AChBP pi-stack binding study; no a4b2 functional direction
4P7,nachr_a4b2,unknown,,orthosteric,surrogate,4ZK1,,"anabaseine, alpha7-targeted partial agonist; no PMID"
4QW,nachr_a4b2,unknown,,orthosteric,surrogate,4ZR6,,"arylidene anabaseine, alpha7-targeted; no PMID"
4VU,nachr_a4b2,unknown,,orthosteric,surrogate,5BW2,,"affinity-only comparison, no efficacy; no PMID"
7II,nachr_a4b2,unknown,,na,mismatch,7PD6,34986308,"sulfoxaflor: insect nAChR agonist, not a4b2"
7LB,nachr_a4b2,unknown,,orthosteric,chimera,5TVC,,"AChBP a3-loopC chimera, no a4b2 data; no PMID"
8L3,nachr_a4b2,unknown,,orthosteric,surrogate,5Y2Q,,"AChBP complex, no functional direction; no PMID"
AN5,nachr_a4b2,unknown,,orthosteric,surrogate,2WNL,19696737,"anabaseine analog characterised at alpha7, not a4b2"
BS1,nachr_a4b2,unknown,,orthosteric,surrogate,2W8F,19331415,"alpha7-targeted AChBP ligand, no a4b2 efficacy"
BS2,nachr_a4b2,unknown,,orthosteric,surrogate,2W8G,19331415,"alpha7-targeted AChBP ligand, no a4b2 efficacy"
CWB,nachr_a4b2,unknown,,na,mismatch,2YME,23196367,"MISMATCH granisetron, a 5-HT3 ligand"
GLY,nachr_a4b2,unknown,,na,mismatch,5OAN,31709057,MISMATCH glycine in engineered glycine-receptor surrogate
GNT,nachr_a4b2,unknown,,allosteric,surrogate,2PH9,17481657,galantamine: contested weak-PAM vs non-competitive site
H8U,nachr_a4b2,unknown,,na,mismatch,7DJI,36948535,"paraherquamide-A at C. elegans nAChR, not a4b2"
J94,nachr_a4b2,unknown,,na,mismatch,5OBH,31859406,"MISMATCH N-methylbicuculline, a GABA-A/glycine antagonist"
KK1,nachr_a4b2,unknown,,orthosteric,surrogate,4QAA,25006260,AChBP aminopyrimidine binding study; no a4b2 efficacy
L0B,nachr_a4b2,unknown,,orthosteric,surrogate,5AFH,25918415,alpha-lobeline at alpha7 ABD; a4b2 direction mixed
LOB,nachr_a4b2,unknown,,orthosteric,surrogate,2BYS,16193063,lobeline mixed agonist-antagonist; a4b2 direction unclear
MD4,nachr_a4b2,unknown,,orthosteric,surrogate,4WV9,,"AChBP click-chemistry complex, no efficacy; no PMID"
TI4,nachr_a4b2,unknown,,orthosteric,surrogate,5BRX,,"affinity-only comparison, no efficacy; no PMID"
TI9,nachr_a4b2,unknown,,orthosteric,surrogate,4ZRU,,"affinity-only comparison, no efficacy; no PMID"
TII,nachr_a4b2,unknown,,orthosteric,chimera,4ZK4,,"AChBP a3-loopC chimera, no a4b2 data; no PMID"
U8Q,nachr_a4b2,unknown,,orthosteric,surrogate,7NDV,,biosensor fragment conformational study; no PMID
U8T,nachr_a4b2,unknown,,orthosteric,surrogate,7NDP,35423271,biosensor fragment conformational study; no efficacy
V11,nachr_a4b2,unknown,,orthosteric,surrogate,2Y56,21322593,AChBP fragment-growing thermodynamics; no efficacy
V37,nachr_a4b2,unknown,,orthosteric,surrogate,2Y57,21322593,AChBP fragment-growing thermodynamics; no efficacy
V38,nachr_a4b2,unknown,,orthosteric,surrogate,2Y58,21322593,AChBP fragment-growing thermodynamics; no efficacy
V63,nachr_a4b2,unknown,,orthosteric,surrogate,2Y54,21322593,AChBP fragment-growing thermodynamics; no efficacy
VU2,nachr_a4b2,unknown,,orthosteric,surrogate,2XNT,21920761,in-silico screening hit on AChBP; no functional direction
VU3,nachr_a4b2,unknown,,orthosteric,surrogate,2XNU,21920761,in-silico screening hit on AChBP; no functional direction
WCW,nachr_a4b2,unknown,,orthosteric,surrogate,8P1F,40896114,biosensor conformational study; no efficacy direction
WD5,nachr_a4b2,unknown,,orthosteric,surrogate,8P11,40896114,biosensor conformational study; no efficacy direction
WNO,nachr_a4b2,unknown,,orthosteric,surrogate,8P22,40896114,biosensor conformational study; no efficacy direction
41X,net_slc6a2,negative,high,orthosteric,surrogate,4XNX,25961798,reboxetine selective NET reuptake inhibitor
42F,net_slc6a2,negative,medium,orthosteric,surrogate,4XP5,25970245,RTI-55/beta-CIT cocaine-analog transporter inhibitor
42L,net_slc6a2,negative,medium,orthosteric,surrogate,4XPG,25970245,CFT/WIN-35428 cocaine-analog transporter inhibitor
68P,net_slc6a2,negative,high,orthosteric,native,8I3V,39048818,"escitalopram occupies S1, obstructs NET transport"
A1D5S,net_slc6a2,negative,high,orthosteric,native,9KDH,41138730,vanoxerine (GBR-12909) DAT/NET inhibitor
A1EBN,net_slc6a2,negative,high,orthosteric,native,9JEL,41505557,DrugCLIP-identified novel NET inhibitor (structure solved)
A1EBO,net_slc6a2,negative,high,orthosteric,native,9JF3,41505557,DrugCLIP-identified novel NET inhibitor (structure solved)
A1EFR,net_slc6a2,negative,low,orthosteric,native,9KE3,41138730,aryloxypropanolamine-piperazine NET inhibitor (paper context)
A1LX3,net_slc6a2,negative,high,orthosteric,native,8Y8Z,38750358,maprotiline NET reuptake inhibitor
A1LX5,net_slc6a2,negative,high,orthosteric,native,8Y91,38750358,nomifensine NE/DA reuptake inhibitor
A1LX6,net_slc6a2,negative,high,orthosteric,native,8Y90,38750358,nefopam monoamine reuptake inhibitor
F0F,net_slc6a2,negative,high,orthosteric,native,6M3Z,33850134,milnacipran SNRI NET inhibitor
F1U,net_slc6a2,negative,high,orthosteric,native,6M47,33850134,venlafaxine-class SNRI NET inhibitor
YNT,net_slc6a2,negative,high,orthosteric,native,8XB2,39143211,radafaxine (hydroxybupropion) NE/DA reuptake inhibitor
1WR,net_slc6a2,unknown,high,orthosteric,chimera,7WLW,35796008,GAT inhibitor in engineered GABA transporter; not native NET
9BC,net_slc6a2,unknown,high,orthosteric,chimera,7WGT,35796008,GAT inhibitor in engineered GABA transporter; not native NET
42J,net_slc6a2,unknown,medium,orthosteric,surrogate,4XPA,25970245,"3,4-dichlorophenethylamine; substrate-vs-blocker at NET unclear (dDAT structure)"
A1H8F,net_slc6a2,unknown,medium,orthosteric,mismatch,9EUO,39010681,"novel atypical inhibitor characterised at DAT, not NET"
