family,ligand_id,x,y,z,dx,dy,dz
Donor,STL545808,1.283,-0.949,-2.626,-0.909,0.385,0.162
Donor,STL545808,3.293,-1.669,0.91,,,
Donor,STL545808,5.777,-0.599,1.141,0.9,0.365,0.239
Acceptor,STL545808,1.283,-0.949,-2.626,-0.469,0.07,-0.881
Acceptor,STL545808,2.517,0.307,1.811,-0.044,0.633,0.773
Acceptor,STL545808,-0.209,3.902,-1.721,-0.912,0.388,-0.134
Acceptor,STL545808,2.002,4.122,-1.141,0.882,-0.456,0.118
Acceptor,STL545808,-1.014,-0.031,-1.836,0.269,-0.375,-0.887
NegIonizable,STL545808,5.778,-1.091,2.187,,,
Aromatic,STL545808,-3.293,1.392,2.323,0.217,-0.885,0.412
LumpedHydrophobe,STL545808,-3.293,1.392,2.323,,,
LumpedHydrophobe,STL545808,-3.903,-2.263,-1.019,,,
Donor,STL545808,1.566,-1.01,-3.056,-0.873,0.45,0.189
Donor,STL545808,3.543,-2.037,0.422,,,
Donor,STL545808,6.107,-1.181,0.666,0.929,0.281,0.243
Acceptor,STL545808,1.566,-1.01,-3.056,-0.469,0.144,-0.871
Acceptor,STL545808,2.937,-0.043,1.413,0.015,0.602,0.798
Acceptor,STL545808,0.481,3.904,-1.936,-0.879,0.465,-0.106
Acceptor,STL545808,2.707,3.92,-1.376,0.843,-0.53,0.089
Acceptor,STL545808,-0.642,0.056,-2.201,0.23,-0.359,-0.905
NegIonizable,STL545808,6.077,-1.714,1.691,,,
Aromatic,STL545808,-2.761,1.484,2.04,0.149,-0.916,0.373
LumpedHydrophobe,STL545808,-2.761,1.484,2.04,,,
LumpedHydrophobe,STL545808,-3.695,-1.967,-1.441,,,
Donor,STL541517,1.557,-1.637,-2.95,-0.855,0.498,0.145
Donor,STL541517,3.751,-2.098,0.521,,,
Donor,STL541517,6.23,-0.999,0.566,0.913,0.372,0.167
Acceptor,STL541517,1.557,-1.637,-2.95,-0.52,0.008,-0.854
Acceptor,STL541517,3.008,-0.063,1.312,-0.017,0.683,0.73
Acceptor,STL541517,0.777,3.257,-1.909,-0.885,0.086,-0.457
Acceptor,STL541517,2.741,4.175,-1.16,0.871,-0.151,0.468
Acceptor,STL541517,-0.726,-0.479,-2.145,0.185,-0.41,-0.893
Acceptor,STL541517,-3.063,2.13,4.696,-0.945,-0.024,0.327
NegIonizable,STL541517,6.287,-1.428,1.638,,,
Aromatic,STL541517,-2.6,1.124,2.152,0.18,-0.903,0.391
LumpedHydrophobe,STL541517,-2.6,1.124,2.152,,,
LumpedHydrophobe,STL541517,-4.333,0.592,-2.514,,,
Donor,V007-7712,3.498,-2.075,1.916,0.865,-0.464,0.189
Donor,V007-7712,-3.895,1.45,-1.711,-0.096,0.993,-0.074
Donor,V007-7712,-4.977,-1.158,2.487,-0.585,-0.238,-0.775
Acceptor,V007-7712,3.03,1.517,1.804,0.856,0.451,0.253
Acceptor,V007-7712,-0.384,1.673,1.009,-0.086,0.876,-0.475
Acceptor,V007-7712,-1.817,-0.041,-1.955,0.329,-0.805,-0.493
Acceptor,V007-7712,-1.648,2.415,-1.316,0.446,0.894,-0.05
Acceptor,V007-7712,-4.859,-1.328,4.807,0.453,0.194,0.87
NegIonizable,V007-7712,4.14,-1.12,2.014,,,
Aromatic,V007-7712,1.991,0.996,1.517,0.241,0.033,-0.97
Aromatic,V007-7712,-2.654,0.274,1.781,0.47,-0.865,-0.173
LumpedHydrophobe,V007-7712,-2.654,0.274,1.781,,,
LumpedHydrophobe,V007-7712,-4.744,0.969,-3.312,,,
Donor,V025-9447,4.375,-1.805,2.168,0.315,-0.911,0.266
Donor,V025-9447,-3.919,0.951,-2.163,-0.447,0.761,-0.471
Donor,V025-9447,-5.439,0.416,2.776,0.007,-0.103,0.995
Acceptor,V025-9447,2.905,0.437,1.483,0.948,0.222,0.227
Acceptor,V025-9447,-0.368,1.384,0.625,0.121,0.762,-0.637
Acceptor,V025-9447,-2.485,2.89,-1.562,0.007,0.996,-0.093
Acceptor,V025-9447,-1.416,0.629,-1.932,0.746,-0.567,-0.349
Acceptor,V025-9447,-6.863,0.308,0.937,-0.16,0.019,-0.987
NegIonizable,V025-9447,3.326,-2.289,2.077,,,
Aromatic,V025-9447,1.761,0.189,1.247,-0.217,0.179,0.96
Aromatic,V025-9447,-2.896,0.88,1.656,0.104,-0.982,-0.157
LumpedHydrophobe,V025-9447,-2.896,0.88,1.656,,,
LumpedHydrophobe,V025-9447,2.282,2.691,0.763,,,
LumpedHydrophobe,V025-9447,-4.168,-0.405,-2.703,,,
Donor,V030-1729,3.159,-2.297,1.738,0.816,-0.546,0.19
Donor,V030-1729,-3.817,1.353,-2.116,0.023,-0.607,-0.795
Donor,V030-1729,-5.15,-0.425,2.607,-0.003,-0.208,0.978
Acceptor,V030-1729,3.027,1.32,1.66,0.888,0.356,0.29
Acceptor,V030-1729,-0.345,1.769,0.787,-0.011,0.843,-0.538
Acceptor,V030-1729,-1.958,2.906,-1.389,0.25,0.968,-0.014
Acceptor,V030-1729,-1.494,0.484,-1.973,0.571,-0.706,-0.418
Acceptor,V030-1729,-6.567,-0.529,0.751,-0.194,0.116,-0.974
NegIonizable,V030-1729,3.891,-1.408,1.829,,,
Aromatic,V030-1729,1.956,0.906,1.34,-0.263,-0.025,0.965
Aromatic,V030-1729,-2.737,0.656,1.648,0.336,-0.919,-0.208
LumpedHydrophobe,V030-1729,-2.737,0.656,1.648,,,
LumpedHydrophobe,V030-1729,-7.991,-0.735,3.261,,,
LumpedHydrophobe,V030-1729,1.989,3.507,1.325,,,
Donor,V007-7694,4.224,-1.754,1.882,0.311,-0.925,0.218
Donor,V007-7694,-3.74,1.162,-2.302,-0.279,0.729,-0.625
Donor,V007-7694,-5.698,0.206,2.403,-0.075,-0.238,0.968
Acceptor,V007-7694,2.767,0.568,1.584,0.973,0.159,0.17
Acceptor,V007-7694,-0.511,1.638,0.872,0.146,0.852,-0.503
Acceptor,V007-7694,-1.321,0.67,-1.823,0.727,-0.626,-0.283
Acceptor,V007-7694,-2.253,3.011,-1.534,0.082,0.993,-0.083
Acceptor,V007-7694,-6.979,0.412,0.468,-0.095,0.225,-0.97
NegIonizable,V007-7694,3.151,-2.192,1.937,,,
Aromatic,V007-7694,1.612,0.377,1.392,0.173,-0.09,-0.981
Aromatic,V007-7694,2.486,4.276,1.323,-0.248,0.082,-0.965
Aromatic,V007-7694,-3.095,0.926,1.594,0.198,-0.965,-0.175
LumpedHydrophobe,V007-7694,2.486,4.276,1.323,,,
LumpedHydrophobe,V007-7694,-3.095,0.926,1.594,,,
LumpedHydrophobe,V007-7694,-5.631,-0.785,-3.479,,,
Donor,V007-7762,4.276,-1.768,2.068,0.306,-0.922,0.236
Donor,V007-7762,-3.869,1.291,-2.264,-0.435,0.789,-0.434
Donor,V007-7762,-5.59,0.229,2.507,-0.061,-0.134,0.989
Acceptor,V007-7762,2.817,0.514,1.488,0.955,0.204,0.215
Acceptor,V007-7762,-0.455,1.532,0.721,0.138,0.832,-0.537
Acceptor,V007-7762,-1.443,0.707,-1.964,0.694,-0.625,-0.357
Acceptor,V007-7762,-2.292,3.049,-1.494,0.107,0.994,-0.032
Acceptor,V007-7762,-6.84,-0.037,0.554,-0.081,-0.015,-0.997
NegIonizable,V007-7762,3.215,-2.232,2.001,,,
Aromatic,V007-7762,1.667,0.287,1.262,-0.201,0.15,0.968
Aromatic,V007-7762,-3.013,0.883,1.575,0.169,-0.968,-0.185
LumpedHydrophobe,V007-7762,-3.013,0.883,1.575,,,
LumpedHydrophobe,V007-7762,2.207,2.797,0.857,,,
LumpedHydrophobe,V007-7762,-9.056,1.187,3.305,,,
Donor,V028-1587,-5.579,-0.022,2.424,-0.044,-0.228,0.973
Donor,V028-1587,-3.889,1.364,-2.254,-0.395,0.885,-0.246
Donor,V028-1587,4.23,-1.716,1.967,0.296,-0.925,0.238
Acceptor,V028-1587,-6.843,-0.106,0.47,-0.097,0.121,-0.988
Acceptor,V028-1587,-2.198,3.045,-1.478,0.154,0.988,-0.032
Acceptor,V028-1587,-1.449,0.661,-1.925,0.671,-0.658,-0.341
Acceptor,V028-1587,-0.5,1.646,0.789,0.118,0.866,-0.486
Acceptor,V028-1587,2.788,0.601,1.513,0.957,0.173,0.232
NegIonizable,V028-1587,3.156,-2.154,1.957,,,
Aromatic,V028-1587,1.64,0.398,1.274,0.204,-0.123,-0.971
Aromatic,V028-1587,-3.038,0.847,1.571,0.243,-0.951,-0.19
Aromatic,V028-1587,2.698,4.199,0.719,-0.185,0.208,0.96
LumpedHydrophobe,V028-1587,-3.038,0.847,1.571,,,
LumpedHydrophobe,V028-1587,2.698,4.199,0.719,,,
Donor,V029-4999,4.418,-1.77,2.203,0.326,-0.915,0.237
Donor,V029-4999,-3.932,1.031,-2.099,-0.382,0.732,-0.564
Donor,V029-4999,-5.471,0.456,2.67,-0.716,0.072,-0.694
Acceptor,V029-4999,2.936,0.467,1.524,0.945,0.226,0.236
Acceptor,V029-4999,-0.339,1.394,0.651,0.113,0.764,-0.635
Acceptor,V029-4999,-2.415,2.927,-1.525,0.039,0.995,-0.096
Acceptor,V029-4999,-1.448,0.615,-1.914,0.708,-0.605,-0.365
Acceptor,V029-4999,-5.159,-0.061,4.92,0.595,-0.155,0.789
NegIonizable,V029-4999,3.386,-2.272,2.036,,,
Aromatic,V029-4999,1.799,0.212,1.266,-0.234,0.138,0.962
Aromatic,V029-4999,-2.862,0.879,1.692,0.091,-0.979,-0.182
LumpedHydrophobe,V029-4999,-2.862,0.879,1.692,,,
LumpedHydrophobe,V029-4999,2.276,2.748,0.94,,,
LumpedHydrophobe,V029-4999,-4.465,-0.524,-2.98,,,
LumpedHydrophobe,V029-4999,-7.773,0.265,4.44,,,
Donor,V005-5095,4.375,-1.903,2.157,0.295,-0.926,0.234
Donor,V005-5095,-3.833,0.855,-2.099,-0.572,0.627,-0.529
Donor,V005-5095,-5.358,0.682,2.846,0.022,-0.164,0.986
Acceptor,V005-5095,2.952,0.39,1.533,0.941,0.207,0.267
Acceptor,V005-5095,-0.28,1.418,0.614,0.139,0.759,-0.637
Acceptor,V005-5095,-2.589,2.968,-1.621,-0.087,0.986,-0.14
Acceptor,V005-5095,-1.331,0.789,-1.912,0.783,-0.521,-0.341
Acceptor,V005-5095,-6.84,0.894,1.063,-0.185,0.131,-0.974
NegIonizable,V005-5095,3.327,-2.371,1.996,,,
Aromatic,V005-5095,1.813,0.163,1.242,-0.252,0.124,0.96
Aromatic,V005-5095,-2.812,1.002,1.678,0.046,-0.983,-0.178
LumpedHydrophobe,V005-5095,-2.812,1.002,1.678,,,
LumpedHydrophobe,V005-5095,2.8,2.962,1.132,,,
LumpedHydrophobe,V005-5095,-4.268,-0.847,-2.702,,,
Donor,V005-3154,4.266,-2.097,2.198,0.217,-0.928,0.302
Donor,V005-3154,-3.596,0.694,-1.908,-0.898,0.427,-0.109
Donor,V005-3154,-5.211,1.155,3.041,0.019,-0.06,0.998
Acceptor,V005-3154,3.039,0.265,1.435,0.981,0.115,0.158
Acceptor,V005-3154,-0.142,1.568,0.709,0.186,0.737,-0.65
Acceptor,V005-3154,-1.144,1.194,-1.777,0.873,-0.361,-0.328
Acceptor,V005-3154,-2.837,3.064,-1.596,-0.298,0.933,-0.202
Acceptor,V005-3154,-6.649,0.923,1.228,-0.161,-0.081,-0.984
NegIonizable,V005-3154,3.162,-2.451,2.193,,,
Aromatic,V005-3154,1.861,0.148,1.279,-0.133,0.263,0.956
Aromatic,V005-3154,-2.673,1.358,1.831,0.014,-0.994,-0.106
LumpedHydrophobe,V005-3154,-2.673,1.358,1.831,,,
LumpedHydrophobe,V005-3154,2.65,2.534,0.611,,,
LumpedHydrophobe,V005-3154,-4.142,-1.942,-3.079,,,
LumpedHydrophobe,V005-3154,-8.085,1.309,3.46,,,
Donor,V027-3902,-4.845,0.467,2.952,-0.765,-0.007,-0.644
Donor,V027-3902,-3.316,0.193,-1.894,-0.691,0.347,-0.634
Donor,V027-3902,3.064,-2.666,2.099,0.728,-0.603,0.326
Acceptor,V027-3902,-4.357,0.179,5.21,0.652,-0.034,0.758
Acceptor,V027-3902,-2.894,2.643,-1.653,-0.448,0.872,-0.198
Acceptor,V027-3902,-0.948,1.044,-1.898,0.9,-0.234,-0.369
Acceptor,V027-3902,0.084,1.602,0.545,0.034,0.72,-0.693
Acceptor,V027-3902,3.421,0.865,1.402,0.936,0.263,0.235
NegIonizable,V027-3902,3.901,-1.87,2.088,,,
Aromatic,V027-3902,2.298,0.56,1.161,-0.235,0.19,0.953
Aromatic,V027-3902,-2.339,1.013,1.775,0.157,-0.981,-0.112
Aromatic,V027-3902,3.081,4.38,0.354,-0.325,0.265,0.908
LumpedHydrophobe,V027-3902,-2.339,1.013,1.775,,,
LumpedHydrophobe,V027-3902,3.081,4.38,0.354,,,
LumpedHydrophobe,V027-3902,-6.91,-0.463,4.781,,,
Donor,V005-3144,-5.475,0.435,2.559,-0.687,-0.028,-0.726
Donor,V005-3144,-3.78,0.827,-2.156,-0.512,0.724,-0.462
Donor,V005-3144,4.225,-1.89,2.077,0.264,-0.947,0.183
Acceptor,V005-3144,-5.231,0.088,4.849,0.567,-0.058,0.822
Acceptor,V005-3144,-2.569,2.965,-1.633,-0.11,0.984,-0.144
Acceptor,V005-3144,-1.241,0.819,-1.87,0.809,-0.5,-0.308
Acceptor,V005-3144,-0.333,1.63,0.707,0.133,0.832,-0.538
Acceptor,V005-3144,2.903,0.462,1.489,0.955,0.136,0.264
NegIonizable,V005-3144,3.169,-2.318,1.865,,,
Aromatic,V005-3144,1.755,0.303,1.214,0.225,-0.108,-0.968
Aromatic,V005-3144,-2.865,1.011,1.661,0.167,-0.976,-0.137
Aromatic,V005-3144,2.945,4.085,0.811,-0.277,0.2,0.94
LumpedHydrophobe,V005-3144,-2.865,1.011,1.661,,,
LumpedHydrophobe,V005-3144,2.945,4.085,0.811,,,
LumpedHydrophobe,V005-3144,-7.837,0.18,4.234,,,
Donor,V027-7761,4.235,-1.588,1.902,0.341,-0.934,0.107
Donor,V027-7761,-3.801,1.601,-2.324,0.046,-0.636,-0.77
Donor,V027-7761,-5.749,-0.014,2.256,-0.089,-0.254,0.963
Acceptor,V027-7761,2.689,0.697,1.625,0.944,0.219,0.246
Acceptor,V027-7761,-0.603,1.695,0.914,0.13,0.909,-0.397
Acceptor,V027-7761,-1.583,0.558,-1.943,0.554,-0.751,-0.359
Acceptor,V027-7761,-1.912,3.013,-1.401,0.327,0.945,0.016
Acceptor,V027-7761,-7.006,0.24,0.312,-0.083,0.263,-0.961
NegIonizable,V027-7761,3.193,-2.078,1.774,,,
Aromatic,V027-7761,1.547,0.453,1.357,-0.217,0.018,0.976
Aromatic,V027-7761,-3.162,0.832,1.531,0.255,-0.946,-0.197
LumpedHydrophobe,V027-7761,-3.162,0.832,1.531,,,
LumpedHydrophobe,V027-7761,2.443,3.282,1.457,,,
Donor,Z2295663126,-1.64,0.257,-1.576,0.864,0.504,-0.022
Donor,Z2295663126,1.016,0.573,1.493,,,
Donor,Z2295663126,7.186,-0.869,0.962,0.551,-0.692,0.466
Acceptor,Z2295663126,-1.64,0.257,-1.576,0.387,-0.098,-0.917
Acceptor,Z2295663126,0.411,1.588,-0.49,0.264,0.465,-0.845
NegIonizable,Z2295663126,6.765,-0.6,2.007,,,
Aromatic,Z2295663126,-2.733,0.571,0.951,-0.195,0.953,-0.234
LumpedHydrophobe,Z2295663126,-2.733,0.571,0.951,,,
LumpedHydrophobe,Z2295663126,-3.723,1.182,4.085,,,
LumpedHydrophobe,Z2295663126,-4.382,-0.414,-1.816,,,
Donor,V027-3760,4.377,-1.906,2.229,0.292,-0.907,0.305
Donor,V027-3760,-3.924,0.825,-2.106,-0.565,0.684,-0.461
Donor,V027-3760,-5.265,0.605,2.89,0.048,-0.126,0.991
Acceptor,V027-3760,2.977,0.344,1.456,0.934,0.2,0.296
Acceptor,V027-3760,-0.265,1.305,0.47,0.105,0.703,-0.703
Acceptor,V027-3760,-1.4,0.777,-2.016,0.78,-0.496,-0.383
Acceptor,V027-3760,-2.671,2.923,-1.624,-0.1,0.989,-0.111
Acceptor,V027-3760,-6.764,0.567,1.116,-0.192,0.047,-0.98
NegIonizable,V027-3760,3.33,-2.38,2.078,,,
Aromatic,V027-3760,1.849,0.114,1.153,-0.264,0.189,0.946
Aromatic,V027-3760,2.888,3.891,0.456,0.382,-0.264,-0.886
Aromatic,V027-3760,-2.76,0.944,1.641,0.04,-0.986,-0.162
LumpedHydrophobe,V027-3760,2.888,3.891,0.456,,,
LumpedHydrophobe,V027-3760,-2.76,0.944,1.641,,,
LumpedHydrophobe,V027-3760,-8.31,-0.531,3.688,,,
LumpedHydrophobe,V027-3760,-4.084,-0.582,-2.535,,,
Donor,V007-7771,4.196,-1.75,1.913,0.314,-0.928,0.201
Donor,V007-7771,-3.675,0.869,-2.208,-0.362,0.754,-0.548
Donor,V007-7771,-5.75,0.243,2.504,-0.14,-0.017,0.99
Acceptor,V007-7771,2.736,0.559,1.464,0.979,0.188,0.075
Acceptor,V007-7771,-0.562,1.688,1.038,0.16,0.903,-0.399
Acceptor,V007-7771,-2.312,2.817,-1.507,0.027,0.991,-0.134
Acceptor,V007-7771,-1.225,0.538,-1.637,0.78,-0.585,-0.224
Acceptor,V007-7771,-6.751,-0.413,0.503,0.032,-0.149,-0.988
NegIonizable,V007-7771,3.126,-2.187,1.995,,,
Aromatic,V007-7771,1.555,0.357,1.394,0.076,-0.182,-0.98
Aromatic,V007-7771,-3.144,0.964,1.718,0.235,-0.97,-0.055
LumpedHydrophobe,V007-7771,-3.144,0.964,1.718,,,
LumpedHydrophobe,V007-7771,-3.83,-0.489,-2.781,,,
Donor,FCG2296016965,-4.426,-0.613,0.162,-0.045,-0.809,0.587
Donor,FCG2296016965,1.899,0.15,0.065,-0.344,-0.116,0.932
Donor,FCG2296016965,3.517,-1.517,1.696,0.65,-0.672,0.355
Donor,FCG2296016965,6.077,-1.865,1.276,0.977,0.166,-0.135
Acceptor,FCG2296016965,-4.426,-0.613,0.162,-0.968,-0.114,0.223
Acceptor,FCG2296016965,1.466,-0.365,-2.126,0.33,-0.184,-0.926
Acceptor,FCG2296016965,3.517,-1.517,1.696,-0.306,-0.197,0.931
NegIonizable,FCG2296016965,5.91,-1.141,0.382,,,
Aromatic,FCG2296016965,-1.761,-0.33,-0.417,-0.187,0.759,-0.624
LumpedHydrophobe,FCG2296016965,-1.761,-0.33,-0.417,,,
LumpedHydrophobe,FCG2296016965,-2.957,1.269,1.803,,,
LumpedHydrophobe,FCG2296016965,-3.445,-2.082,-2.154,,,
Donor,V027-3820,-5.349,0.682,2.883,0.044,-0.231,0.972
Donor,V027-3820,-3.907,0.826,-2.122,-0.543,0.694,-0.473
Donor,V027-3820,4.371,-1.896,2.266,0.289,-0.903,0.317
Acceptor,V027-3820,-6.853,1.224,1.192,-0.199,0.268,-0.943
Acceptor,V027-3820,-1.382,0.782,-1.966,0.791,-0.493,-0.363
Acceptor,V027-3820,-2.664,2.926,-1.599,-0.096,0.989,-0.109
Acceptor,V027-3820,-0.308,1.277,0.525,0.113,0.716,-0.689
Acceptor,V027-3820,2.965,0.322,1.393,0.953,0.204,0.225
NegIonizable,V027-3820,3.31,-2.36,2.191,,,
Aromatic,V027-3820,1.819,0.09,1.169,0.212,-0.258,-0.943
Aromatic,V027-3820,-2.822,0.931,1.658,-0.017,0.984,0.175
Aromatic,V027-3820,2.876,3.783,0.113,0.318,-0.345,-0.883
LumpedHydrophobe,V027-3820,-2.822,0.931,1.658,,,
LumpedHydrophobe,V027-3820,2.876,3.783,0.113,,,
LumpedHydrophobe,V027-3820,-4.019,-0.565,-2.612,,,
Donor,V027-3772,-4.651,1.689,3.199,0.143,-0.177,0.974
Donor,V027-3772,-4.156,1.137,-1.977,-0.487,0.797,-0.357
Donor,V027-3772,4.702,-1.768,2.34,0.532,-0.827,0.184
Acceptor,V027-3772,-6.21,2.587,1.717,-0.319,0.189,-0.929
Acceptor,V027-3772,-2.46,2.943,-1.661,0.079,0.994,-0.071
Acceptor,V027-3772,-1.701,0.63,-2.306,0.605,-0.605,-0.518
Acceptor,V027-3772,-0.335,0.176,-0.051,-0.086,0.013,-0.996
Acceptor,V027-3772,2.773,0.093,1.627,0.696,0.384,0.607
NegIonizable,V027-3772,3.966,-2.465,1.775,,,
Aromatic,V027-3772,1.896,-0.381,0.974,0.498,0.143,-0.855
Aromatic,V027-3772,-2.517,0.873,1.542,0.442,0.88,0.175
Aromatic,V027-3772,1.751,3.587,1.01,0.709,0.005,-0.705
LumpedHydrophobe,V027-3772,-2.517,0.873,1.542,,,
LumpedHydrophobe,V027-3772,1.751,3.587,1.01,,,
LumpedHydrophobe,V027-3772,-4.639,-0.197,-2.388,,,
LumpedHydrophobe,V027-3772,-8.35,3.653,4.031,,,
Donor,FCG2296052867,-2.173,0.949,-1.881,0.294,0.954,-0.064
Donor,FCG2296052867,0.525,2.782,0.561,,,
Donor,FCG2296052867,7.078,-0.568,1.213,0.362,-0.829,0.427
Acceptor,FCG2296052867,-2.173,0.949,-1.881,0.033,0.242,-0.97
Acceptor,FCG2296052867,-1.184,3.244,-0.922,-0.377,0.571,-0.729
NegIonizable,FCG2296052867,6.088,-0.795,1.772,,,
Aromatic,FCG2296052867,-2.321,0.293,0.808,0.807,-0.587,-0.065
LumpedHydrophobe,FCG2296052867,-2.321,0.293,0.808,,,
LumpedHydrophobe,FCG2296052867,-2.864,-0.757,3.931,,,
LumpedHydrophobe,FCG2296052867,-4.068,-1.798,-1.13,,,
Donor,V007-7764,3.119,-2.381,2.127,0.804,-0.566,0.18
Donor,V007-7764,-3.706,0.83,-2.029,-0.444,0.725,-0.527
Donor,V007-7764,-5.097,-0.213,2.888,0.004,-0.077,0.997
Acceptor,V007-7764,3.175,1.15,1.36,0.949,0.31,0.062
Acceptor,V007-7764,-0.263,1.683,0.816,-0.01,0.807,-0.591
Acceptor,V007-7764,-1.206,0.557,-1.765,0.758,-0.553,-0.344
Acceptor,V007-7764,-2.328,2.799,-1.386,-0.017,0.996,-0.082
Acceptor,V007-7764,-6.391,-0.724,1.025,-0.119,-0.076,-0.99
NegIonizable,V007-7764,3.904,-1.557,1.921,,,
Aromatic,V007-7764,2.05,0.781,1.272,0.127,-0.13,-0.983
Aromatic,V007-7764,2.322,4.748,0.908,-0.334,-0.029,-0.942
Aromatic,V007-7764,-2.669,0.72,1.807,0.296,-0.944,-0.148
LumpedHydrophobe,V007-7764,2.322,4.748,0.908,,,
LumpedHydrophobe,V007-7764,-2.669,0.72,1.807,,,
LumpedHydrophobe,V007-7764,-4.102,-0.705,-3.011,,,
LumpedHydrophobe,V007-7764,-7.429,-0.985,3.749,,,
Donor,V028-1648,-5.347,0.445,2.842,0.026,-0.176,0.984
Donor,V028-1648,-3.851,0.901,-2.109,-0.492,0.657,-0.571
Donor,V028-1648,4.344,-1.841,2.137,0.292,-0.919,0.266
Acceptor,V028-1648,-6.822,0.496,1.043,-0.189,0.118,-0.975
Acceptor,V028-1648,-1.354,0.724,-1.886,0.767,-0.546,-0.337
Acceptor,V028-1648,-2.528,2.951,-1.575,-0.043,0.992,-0.123
Acceptor,V028-1648,-0.311,1.477,0.636,0.115,0.783,-0.612
Acceptor,V028-1648,2.946,0.439,1.483,0.945,0.185,0.269
NegIonizable,V028-1648,3.277,-2.294,2.066,,,
Aromatic,V028-1648,1.804,0.229,1.217,0.228,-0.19,-0.955
Aromatic,V028-1648,-2.824,0.956,1.695,0.11,-0.98,-0.167
Aromatic,V028-1648,2.906,3.965,0.398,-0.389,0.319,0.864
LumpedHydrophobe,V028-1648,-2.824,0.956,1.695,,,
LumpedHydrophobe,V028-1648,2.906,3.965,0.398,,,
LumpedHydrophobe,V028-1648,-8.094,-0.437,3.186,,,
LumpedHydrophobe,V028-1648,-4.291,-0.761,-2.822,,,
Donor,V027-3952,4.305,-1.856,2.12,0.305,-0.918,0.255
Donor,V027-3952,-3.832,1.084,-2.235,-0.303,0.687,-0.66
Donor,V027-3952,-5.655,0.484,2.417,-0.676,0.105,-0.729
Acceptor,V027-3952,2.86,0.418,1.48,0.965,0.204,0.165
Acceptor,V027-3952,-0.413,1.45,0.719,0.157,0.804,-0.574
Acceptor,V027-3952,-1.349,0.793,-1.923,0.753,-0.565,-0.338
Acceptor,V027-3952,-2.444,3.052,-1.557,-0.005,0.996,-0.085
Acceptor,V027-3952,-5.489,-0.01,4.692,0.535,-0.143,0.833
NegIonizable,V027-3952,3.244,-2.32,2.056,,,
Aromatic,V027-3952,1.697,0.193,1.296,-0.178,0.175,0.968
Aromatic,V027-3952,-2.993,0.928,1.602,0.099,-0.974,-0.203
LumpedHydrophobe,V027-3952,-2.993,0.928,1.602,,,
LumpedHydrophobe,V027-3952,2.736,2.936,0.836,,,
LumpedHydrophobe,V027-3952,-8.494,-1.694,3.21,,,
Donor,V005-3202,4.352,-1.921,2.211,0.286,-0.916,0.281
Donor,V005-3202,-3.82,0.952,-2.224,-0.767,0.632,-0.114
Donor,V005-3202,-5.506,0.726,2.698,-0.029,-0.212,0.977
Acceptor,V005-3202,2.917,0.319,1.414,0.956,0.215,0.2
Acceptor,V005-3202,-0.356,1.298,0.601,0.145,0.748,-0.647
Acceptor,V005-3202,-2.593,3.048,-1.602,-0.078,0.992,-0.1
Acceptor,V005-3202,-1.334,0.877,-1.944,0.792,-0.509,-0.337
Acceptor,V005-3202,-6.931,1.007,0.871,-0.168,0.139,-0.976
NegIonizable,V005-3202,3.311,-2.406,2.053,,,
Aromatic,V005-3202,1.764,0.081,1.211,-0.19,0.199,0.961
Aromatic,V005-3202,-2.917,0.962,1.609,-0.002,-0.978,-0.21
LumpedHydrophobe,V005-3202,-2.917,0.962,1.609,,,
LumpedHydrophobe,V005-3202,-8.58,0.194,2.875,,,
LumpedHydrophobe,V005-3202,2.293,2.578,0.701,,,
LumpedHydrophobe,V005-3202,-5.285,-1.271,-3.493,,,
Donor,STL534049,1.862,-0.573,1.263,,,
Donor,STL534049,3.545,-1.489,2.573,-0.194,-0.871,-0.452
Donor,STL534049,6.97,-1.098,2.054,0.505,-0.349,-0.789
Acceptor,STL534049,3.793,0.593,1.704,0.556,0.824,-0.106
Acceptor,STL534049,-4.153,1.804,0.724,-0.318,0.745,-0.587
Acceptor,STL534049,-2.607,3.193,-0.863,-0.966,0.201,0.162
NegIonizable,STL534049,6.185,-1.923,1.833,,,
Aromatic,STL534049,2.254,-0.257,-2.408,-0.436,0.826,-0.358
Aromatic,STL534049,-1.467,1.101,0.57,-0.208,-0.624,-0.753
LumpedHydrophobe,STL534049,2.254,-0.257,-2.408,,,
LumpedHydrophobe,STL534049,-1.467,1.101,0.57,,,
LumpedHydrophobe,STL534049,6.648,-2.151,5.294,,,
Donor,Y042-8054,1.831,-0.561,1.183,,,
Donor,Y042-8054,3.531,-1.426,2.504,-0.177,-0.878,-0.445
Donor,Y042-8054,7.095,-1.227,2.207,0.531,-0.355,-0.769
Acceptor,Y042-8054,3.759,0.63,1.567,0.55,0.824,-0.137
Acceptor,Y042-8054,-4.185,1.839,0.829,-0.331,0.748,-0.574
Acceptor,Y042-8054,-2.694,3.191,-0.84,-0.957,0.213,0.199
NegIonizable,Y042-8054,6.224,-1.887,1.82,,,
Aromatic,Y042-8054,2.089,-0.341,-2.504,0.427,-0.828,0.362
Aromatic,Y042-8054,-1.512,1.115,0.582,-0.241,-0.635,-0.735
LumpedHydrophobe,Y042-8054,2.089,-0.341,-2.504,,,
LumpedHydrophobe,Y042-8054,-1.512,1.115,0.582,,,
LumpedHydrophobe,Y042-8054,5.289,-2.61,4.596,,,
Donor,V027-6137,4.357,-1.874,2.206,0.3,-0.915,0.27
Donor,V027-6137,-3.884,0.851,-2.138,-0.435,0.708,-0.556
Donor,V027-6137,-5.502,0.613,2.658,-0.716,0.076,-0.694
Acceptor,V027-6137,2.925,0.371,1.45,0.959,0.206,0.197
Acceptor,V027-6137,-0.342,1.367,0.629,0.134,0.753,-0.644
Acceptor,V027-6137,-1.36,0.729,-1.919,0.783,-0.518,-0.345
Acceptor,V027-6137,-2.601,2.91,-1.593,-0.076,0.99,-0.119
Acceptor,V027-6137,-5.216,0.246,4.943,0.583,-0.1,0.807
NegIonizable,V027-6137,3.303,-2.347,2.112,,,
Aromatic,V027-6137,1.772,0.142,1.245,-0.193,0.21,0.959
Aromatic,V027-6137,-2.88,0.945,1.673,0.067,-0.986,-0.154
LumpedHydrophobe,V027-6137,-2.88,0.945,1.673,,,
LumpedHydrophobe,V027-6137,2.33,2.626,0.716,,,
LumpedHydrophobe,V027-6137,-4.009,-0.541,-2.639,,,
LumpedHydrophobe,V027-6137,-8.407,-0.539,5.516,,,
Donor,V008-1848,4.383,-1.886,2.3,0.358,-0.92,0.162
Donor,V008-1848,-4.06,1.144,-2.11,-0.419,0.708,-0.568
Donor,V008-1848,-5.213,0.945,2.984,0.087,-0.171,0.982
Acceptor,V008-1848,2.923,0.331,1.5,0.895,0.247,0.37
Acceptor,V008-1848,-0.288,1.153,0.329,0.093,0.616,-0.782
Acceptor,V008-1848,-2.559,3.082,-1.59,0.011,0.997,-0.074
Acceptor,V008-1848,-1.57,0.809,-2.112,0.695,-0.574,-0.434
Acceptor,V008-1848,-6.809,1.347,1.34,-0.257,0.124,-0.958
NegIonizable,V008-1848,3.438,-2.421,1.888,,,
Aromatic,V008-1848,1.835,0.047,1.098,-0.34,0.072,0.938
Aromatic,V008-1848,-2.754,0.972,1.604,-0.086,-0.974,-0.209
LumpedHydrophobe,V008-1848,-2.754,0.972,1.604,,,
LumpedHydrophobe,V008-1848,2.23,2.618,1.019,,,
Donor,V027-3914,-5.529,0.295,2.499,-0.723,0.101,-0.684
Donor,V027-3914,-4.047,1.555,-2.197,-0.283,0.884,-0.371
Donor,V027-3914,4.324,-1.709,2.121,0.325,-0.925,0.198
Acceptor,V027-3914,-5.198,-0.351,4.715,0.599,-0.202,0.775
Acceptor,V027-3914,-1.661,0.681,-2.088,0.598,-0.68,-0.424
Acceptor,V027-3914,-2.218,3.08,-1.471,0.212,0.977,0.003
Acceptor,V027-3914,-0.418,1.455,0.536,0.093,0.783,-0.615
Acceptor,V027-3914,2.841,0.542,1.517,0.914,0.213,0.345
NegIonizable,V027-3914,3.305,-2.211,1.887,,,
Aromatic,V027-3914,1.732,0.293,1.162,0.294,-0.097,-0.951
Aromatic,V027-3914,-2.93,0.839,1.55,0.114,-0.963,-0.243
Aromatic,V027-3914,2.676,4.123,0.663,-0.416,0.247,0.875
LumpedHydrophobe,V027-3914,-2.93,0.839,1.55,,,
LumpedHydrophobe,V027-3914,2.676,4.123,0.663,,,
LumpedHydrophobe,V027-3914,-8.422,-0.163,5.543,,,
Donor,V027-7724,4.456,-1.651,2.327,0.405,-0.875,0.265
Donor,V027-7724,-4.152,2.018,-2.088,-0.17,0.943,-0.285
Donor,V027-7724,-5.46,0.606,2.749,0.039,-0.347,0.937
Acceptor,V027-7724,2.807,0.406,1.469,0.888,0.34,0.309
Acceptor,V027-7724,-0.45,0.941,0.267,0.083,0.566,-0.82
Acceptor,V027-7724,-2.045,3.126,-1.36,0.382,0.92,0.085
Acceptor,V027-7724,-1.962,0.761,-2.271,0.44,-0.714,-0.545
Acceptor,V027-7724,-6.96,1.46,1.182,-0.211,0.362,-0.908
NegIonizable,V027-7724,3.507,-2.265,2.072,,,
Aromatic,V027-7724,1.73,0.017,1.118,-0.335,0.121,0.934
Aromatic,V027-7724,-2.951,0.726,1.47,-0.114,-0.934,-0.339
LumpedHydrophobe,V027-7724,-2.951,0.726,1.47,,,
LumpedHydrophobe,V027-7724,-7.941,2.115,4.281,,,
LumpedHydrophobe,V027-7724,2.346,2.919,0.949,,,
Donor,V030-1799,4.311,-1.811,2.16,0.306,-0.922,0.237
Donor,V030-1799,-3.934,1.241,-2.221,-0.366,0.777,-0.512
Donor,V030-1799,-5.576,0.42,2.482,-0.699,0.071,-0.711
Acceptor,V030-1799,2.865,0.45,1.466,0.948,0.212,0.235
Acceptor,V030-1799,-0.4,1.43,0.618,0.13,0.791,-0.598
Acceptor,V030-1799,-1.463,0.759,-2.003,0.704,-0.602,-0.378
Acceptor,V030-1799,-2.39,3.071,-1.523,0.062,0.997,-0.046
Acceptor,V030-1799,-5.333,0.029,4.768,0.566,-0.074,0.821
NegIonizable,V030-1799,3.271,-2.295,1.999,,,
Aromatic,V030-1799,1.724,0.211,1.211,-0.23,0.143,0.963
Aromatic,V030-1799,-2.946,0.889,1.583,0.096,-0.972,-0.216
LumpedHydrophobe,V030-1799,-2.946,0.889,1.583,,,
LumpedHydrophobe,V030-1799,2.24,2.738,0.868,,,
LumpedHydrophobe,V030-1799,-7.835,-0.547,4.044,,,
Donor,V007-7784,3.235,-2.311,1.907,0.819,-0.523,0.238
Donor,V007-7784,-3.932,1.672,-1.992,-0.189,0.943,-0.273
Donor,V007-7784,-5.192,-0.509,2.401,-0.68,-0.052,-0.731
Acceptor,V007-7784,3.06,1.297,1.615,0.882,0.394,0.258
Acceptor,V007-7784,-0.316,1.673,0.737,-0.007,0.831,-0.557
Acceptor,V007-7784,-1.649,0.535,-2.106,0.491,-0.711,-0.504
Acceptor,V007-7784,-1.912,2.938,-1.324,0.308,0.951,0.037
Acceptor,V007-7784,-4.914,-0.961,4.668,0.556,0.001,0.831
NegIonizable,V007-7784,3.95,-1.407,1.976,,,
Aromatic,V007-7784,1.99,0.844,1.326,-0.262,0.035,0.964
Aromatic,V007-7784,-2.716,0.58,1.608,0.319,-0.915,-0.246
LumpedHydrophobe,V007-7784,-2.716,0.58,1.608,,,
Donor,V007-7738,4.315,-1.694,2.114,0.331,-0.922,0.201
Donor,V007-7738,-3.995,1.593,-2.217,-0.199,0.848,-0.491
Donor,V007-7738,-5.555,0.15,2.526,-0.018,-0.212,0.977
Acceptor,V007-7738,2.811,0.558,1.536,0.936,0.227,0.27
Acceptor,V007-7738,-0.459,1.485,0.644,0.119,0.81,-0.575
Acceptor,V007-7738,-1.646,0.672,-2.075,0.587,-0.688,-0.428
Acceptor,V007-7738,-2.154,3.074,-1.441,0.235,0.972,0.011
Acceptor,V007-7738,-6.934,0.255,0.652,-0.139,0.161,-0.977
NegIonizable,V007-7738,3.284,-2.196,1.941,,,
Aromatic,V007-7738,1.682,0.301,1.243,-0.254,0.097,0.962
Aromatic,V007-7738,-3.0,0.821,1.546,0.151,-0.96,-0.238
LumpedHydrophobe,V007-7738,-3.0,0.821,1.546,,,
LumpedHydrophobe,V007-7738,2.144,2.848,0.994,,,
LumpedHydrophobe,V007-7738,-8.313,-0.766,2.697,,,
Donor,V027-7822,3.128,-2.558,2.08,0.787,-0.56,0.259
Donor,V027-7822,-3.702,0.627,-2.02,-0.516,0.666,-0.538
Donor,V027-7822,-5.138,0.169,2.805,-0.725,-0.056,-0.686
Acceptor,V027-7822,3.223,0.993,1.368,0.928,0.341,0.15
Acceptor,V027-7822,-0.164,1.567,0.656,0.028,0.768,-0.64
Acceptor,V027-7822,-1.17,0.725,-1.869,0.816,-0.451,-0.363
Acceptor,V027-7822,-2.585,2.794,-1.519,-0.163,0.979,-0.12
Acceptor,V027-7822,-4.756,-0.112,5.084,0.614,-0.016,0.789
NegIonizable,V027-7822,3.913,-1.715,2.013,,,
Aromatic,V027-7822,2.101,0.609,1.206,-0.187,0.174,0.967
Aromatic,V027-7822,-2.604,0.83,1.76,0.192,-0.97,-0.147
LumpedHydrophobe,V027-7822,-2.604,0.83,1.76,,,
LumpedHydrophobe,V027-7822,-3.714,-0.767,-2.53,,,
Donor,V027-2568,4.418,-1.807,2.228,0.367,-0.927,0.076
Donor,V027-2568,-3.947,0.978,-2.084,-0.487,0.71,-0.508
Donor,V027-2568,-5.291,0.772,2.934,0.053,-0.084,0.995
Acceptor,V027-2568,2.944,0.459,1.606,0.904,0.224,0.364
Acceptor,V027-2568,-0.282,1.365,0.541,0.102,0.72,-0.686
Acceptor,V027-2568,-2.465,2.93,-1.595,0.018,0.993,-0.119
Acceptor,V027-2568,-1.46,0.63,-1.955,0.713,-0.597,-0.368
Acceptor,V027-2568,-6.836,0.738,1.187,-0.226,-0.061,-0.972
NegIonizable,V027-2568,3.475,-2.311,1.777,,,
Aromatic,V027-2568,1.845,0.202,1.216,-0.316,0.022,0.948
Aromatic,V027-2568,-2.78,0.961,1.682,-0.028,0.986,0.162
LumpedHydrophobe,V027-2568,-2.78,0.961,1.682,,,
LumpedHydrophobe,V027-2568,2.234,2.773,1.297,,,
LumpedHydrophobe,V027-2568,-8.022,2.471,3.709,,,
LumpedHydrophobe,V027-2568,-4.496,-0.62,-2.863,,,
Donor,V029-9694,4.325,-1.87,2.181,0.305,-0.929,0.211
Donor,V029-9694,-3.841,0.837,-2.146,-0.422,0.704,-0.571
Donor,V029-9694,-5.569,0.562,2.595,-0.691,0.027,-0.722
Acceptor,V029-9694,2.896,0.398,1.468,0.964,0.21,0.165
Acceptor,V029-9694,-0.373,1.437,0.716,0.152,0.791,-0.593
Acceptor,V029-9694,-2.569,2.898,-1.595,-0.072,0.988,-0.134
Acceptor,V029-9694,-1.324,0.712,-1.862,0.79,-0.524,-0.319
Acceptor,V029-9694,-5.357,0.446,4.907,0.555,0.048,0.83
NegIonizable,V029-9694,3.277,-2.343,2.045,,,
Aromatic,V029-9694,1.732,0.17,1.286,0.176,-0.181,-0.968
Aromatic,V029-9694,-2.93,0.963,1.685,0.093,-0.985,-0.145
LumpedHydrophobe,V029-9694,-2.93,0.963,1.685,,,
LumpedHydrophobe,V029-9694,-3.956,-0.557,-2.642,,,
Donor,Z223223430,7.065,-1.05,0.92,0.564,-0.289,0.773
Donor,Z223223430,-2.002,0.827,0.541,-0.294,0.048,0.955
Acceptor,Z223223430,1.505,-0.505,-3.732,-0.784,-0.495,-0.375
Acceptor,Z223223430,-0.665,1.077,-2.738,-0.906,0.028,0.422
Acceptor,Z223223430,-0.454,2.607,1.32,0.334,0.398,0.854
Acceptor,Z223223430,-1.575,2.865,-0.914,-0.44,0.577,-0.688
Acceptor,Z223223430,-5.266,0.775,0.622,-0.083,-0.858,0.507
NegIonizable,Z223223430,6.163,-1.102,1.649,,,
PosIonizable,Z223223430,-5.153,1.788,0.023,,,
Aromatic,Z223223430,-5.153,1.788,0.023,-0.462,-0.41,-0.786
Aromatic,Z223223430,1.475,0.35,-1.103,-0.488,-0.842,0.231
Aromatic,Z223223430,-6.854,3.026,0.388,-0.466,-0.4,-0.789
LumpedHydrophobe,Z223223430,1.475,0.35,-1.103,,,
LumpedHydrophobe,Z223223430,-3.924,-1.84,-1.925,,,
Donor,V004-9878,2.973,-2.695,2.141,0.744,-0.608,0.279
Donor,V004-9878,-3.443,0.387,-1.885,-0.645,0.394,-0.654
Donor,V004-9878,-4.995,0.588,2.946,-0.755,0.01,-0.655
Acceptor,V004-9878,3.338,0.812,1.297,0.953,0.273,0.129
Acceptor,V004-9878,-0.008,1.625,0.619,0.069,0.749,-0.66
Acceptor,V004-9878,-1.033,1.11,-1.852,0.889,-0.276,-0.367
Acceptor,V004-9878,-2.893,2.807,-1.591,-0.399,0.898,-0.186
Acceptor,V004-9878,-4.55,0.272,5.208,0.64,-0.055,0.767
NegIonizable,V004-9878,3.823,-1.92,2.03,,,
Aromatic,V004-9878,2.188,0.509,1.158,-0.162,0.216,0.963
Aromatic,V004-9878,-2.46,1.08,1.808,0.129,-0.983,-0.13
LumpedHydrophobe,V004-9878,-2.46,1.08,1.808,,,
LumpedHydrophobe,V004-9878,-7.399,-0.079,5.848,,,
LumpedHydrophobe,V004-9878,-3.309,-1.397,-2.39,,,
Donor,FCG223613171,7.065,-1.05,0.92,0.564,-0.289,0.773
Donor,FCG223613171,-2.002,0.827,0.541,-0.294,0.048,0.955
Acceptor,FCG223613171,1.505,-0.505,-3.732,-0.784,-0.495,-0.375
Acceptor,FCG223613171,-0.665,1.077,-2.738,-0.906,0.028,0.422
Acceptor,FCG223613171,-0.454,2.607,1.32,0.334,0.398,0.854
Acceptor,FCG223613171,-1.575,2.865,-0.914,-0.44,0.577,-0.688
Acceptor,FCG223613171,-5.266,0.775,0.622,-0.083,-0.858,0.507
NegIonizable,FCG223613171,6.163,-1.102,1.649,,,
PosIonizable,FCG223613171,-5.153,1.788,0.023,,,
Aromatic,FCG223613171,-5.153,1.788,0.023,-0.462,-0.41,-0.786
Aromatic,FCG223613171,1.475,0.35,-1.103,-0.488,-0.842,0.231
Aromatic,FCG223613171,-6.854,3.026,0.388,-0.466,-0.4,-0.789
LumpedHydrophobe,FCG223613171,1.475,0.35,-1.103,,,
LumpedHydrophobe,FCG223613171,-3.924,-1.84,-1.925,,,
Donor,V027-3903,-5.521,0.261,2.602,-0.016,-0.114,0.993
Donor,V027-3903,-3.945,1.394,-2.251,-0.296,0.849,-0.438
Donor,V027-3903,4.275,-1.721,2.049,0.314,-0.934,0.168
Acceptor,V027-3903,-6.87,0.084,0.72,-0.128,0.028,-0.991
Acceptor,V027-3903,-1.535,0.658,-2.007,0.649,-0.66,-0.379
Acceptor,V027-3903,-2.234,3.04,-1.49,0.165,0.986,-0.021
Acceptor,V027-3903,-0.449,1.558,0.646,0.106,0.818,-0.566
Acceptor,V027-3903,2.816,0.574,1.534,0.932,0.188,0.311
NegIonizable,V027-3903,3.241,-2.199,1.826,,,
Aromatic,V027-3903,1.692,0.351,1.21,0.266,-0.071,-0.961
Aromatic,V027-3903,-2.975,0.887,1.575,0.167,-0.969,-0.183
Aromatic,V027-3903,2.65,4.205,0.919,-0.331,0.163,0.929
LumpedHydrophobe,V027-3903,-2.975,0.887,1.575,,,
LumpedHydrophobe,V027-3903,2.65,4.205,0.919,,,
LumpedHydrophobe,V027-3903,-7.955,-0.211,3.421,,,
LumpedHydrophobe,V027-3903,-5.982,0.425,-3.633,,,
Donor,STL458084,1.866,-0.499,1.186,,,
Donor,STL458084,3.556,-1.402,2.496,-0.178,-0.874,-0.452
Donor,STL458084,7.078,-1.234,2.16,0.517,-0.399,-0.757
Acceptor,STL458084,2.947,-0.536,-5.101,-0.63,-0.57,-0.528
Acceptor,STL458084,3.794,0.678,1.62,0.552,0.827,-0.106
Acceptor,STL458084,-4.219,1.722,0.716,-0.316,0.83,-0.459
Acceptor,STL458084,-2.714,3.198,-0.834,-0.965,0.186,0.185
NegIonizable,STL458084,6.209,-1.931,1.839,,,
Aromatic,STL458084,2.233,0.015,-2.48,0.511,-0.801,0.313
Aromatic,STL458084,-1.512,1.11,0.553,-0.187,-0.614,-0.767
LumpedHydrophobe,STL458084,2.233,0.015,-2.48,,,
LumpedHydrophobe,STL458084,-1.512,1.11,0.553,,,
Donor,V030-1765,4.347,-1.791,2.147,0.331,-0.924,0.192
Donor,V030-1765,-3.992,1.339,-2.199,-0.248,0.77,-0.588
Donor,V030-1765,-5.579,0.512,2.517,-0.713,0.19,-0.675
Acceptor,V030-1765,2.853,0.461,1.54,0.936,0.225,0.27
Acceptor,V030-1765,-0.401,1.382,0.58,0.128,0.754,-0.644
Acceptor,V030-1765,-1.547,0.73,-2.032,0.66,-0.637,-0.398
Acceptor,V030-1765,-2.342,3.086,-1.526,0.11,0.993,-0.048
Acceptor,V030-1765,-5.939,-1.444,-3.754,-0.243,-0.018,-0.97
Acceptor,V030-1765,-5.287,-0.257,4.697,0.59,-0.266,0.762
NegIonizable,V030-1765,3.324,-2.294,1.941,,,
Aromatic,V030-1765,1.727,0.205,1.241,-0.263,0.099,0.96
Aromatic,V030-1765,-2.948,0.894,1.579,0.057,-0.969,-0.242
LumpedHydrophobe,V030-1765,-2.948,0.894,1.579,,,
LumpedHydrophobe,V030-1765,2.183,2.757,1.028,,,
LumpedHydrophobe,V030-1765,-8.181,-0.657,5.061,,,
Donor,V005-3120,4.355,-1.776,2.133,0.313,-0.922,0.228
Donor,V005-3120,-3.901,0.972,-2.165,-0.431,0.771,-0.469
Donor,V005-3120,-5.46,0.251,2.712,-0.014,-0.132,0.991
Acceptor,V005-3120,2.886,0.489,1.509,0.949,0.214,0.231
Acceptor,V005-3120,-0.39,1.462,0.687,0.121,0.796,-0.593
Acceptor,V005-3120,-1.411,0.59,-1.909,0.734,-0.587,-0.341
Acceptor,V005-3120,-2.43,2.879,-1.558,0.029,0.995,-0.098
Acceptor,V005-3120,-6.818,0.113,0.831,-0.131,0.056,-0.99
NegIonizable,V005-3120,3.306,-2.257,2.019,,,
Aromatic,V005-3120,1.742,0.248,1.267,-0.216,0.148,0.965
Aromatic,V005-3120,-2.919,0.864,1.661,0.148,-0.976,-0.162
LumpedHydrophobe,V005-3120,-2.919,0.864,1.661,,,
LumpedHydrophobe,V005-3120,2.256,2.769,0.887,,,
LumpedHydrophobe,V005-3120,-4.178,-0.378,-2.707,,,
LumpedHydrophobe,V005-3120,-9.097,-0.861,2.422,,,
Donor,Y042-8055,1.857,-0.539,1.267,,,
Donor,Y042-8055,3.55,-1.47,2.557,-0.196,-0.865,-0.462
Donor,Y042-8055,7.027,-1.168,2.079,0.502,-0.341,-0.795
Acceptor,Y042-8055,3.237,-0.677,-4.944,0.899,0.374,-0.227
Acceptor,Y042-8055,3.783,0.628,1.724,0.551,0.829,-0.092
Acceptor,Y042-8055,-4.184,1.763,0.681,-0.303,0.802,-0.514
Acceptor,Y042-8055,-2.626,3.227,-0.825,-0.982,0.151,0.111
NegIonizable,Y042-8055,6.193,-1.924,1.796,,,
Aromatic,Y042-8055,2.27,-0.152,-2.4,0.453,-0.822,0.345
Aromatic,Y042-8055,-1.484,1.106,0.562,-0.183,-0.603,-0.777
LumpedHydrophobe,Y042-8055,2.27,-0.152,-2.4,,,
LumpedHydrophobe,Y042-8055,-1.484,1.106,0.562,,,
LumpedHydrophobe,Y042-8055,6.466,-2.698,5.556,,,
Donor,V027-3799,4.19,-2.156,2.225,0.209,-0.935,0.287
Donor,V027-3799,-3.537,0.459,-1.931,-0.651,0.356,-0.671
Donor,V027-3799,-5.312,1.159,2.815,-0.728,0.067,-0.682
Acceptor,V027-3799,3.008,0.188,1.371,0.981,0.087,0.171
Acceptor,V027-3799,-0.172,1.514,0.626,0.179,0.729,-0.66
Acceptor,V027-3799,-3.031,2.9,-1.721,-0.406,0.884,-0.23
Acceptor,V027-3799,-1.138,1.229,-1.866,0.904,-0.271,-0.331
Acceptor,V027-3799,-4.984,0.883,5.106,0.6,-0.09,0.795
NegIonizable,V027-3799,3.086,-2.508,2.179,,,
Aromatic,V027-3799,1.832,0.095,1.21,0.13,-0.289,-0.948
Aromatic,V027-3799,3.295,3.615,0.048,0.163,-0.383,-0.909
Aromatic,V027-3799,-2.704,1.317,1.751,0.016,-0.996,-0.093
LumpedHydrophobe,V027-3799,3.295,3.615,0.048,,,
LumpedHydrophobe,V027-3799,-2.704,1.317,1.751,,,
LumpedHydrophobe,V027-3799,-7.884,-0.001,4.849,,,
LumpedHydrophobe,V027-3799,-3.36,-1.339,-2.367,,,
Donor,V005-3132,4.379,-1.707,2.157,0.322,-0.924,0.204
Donor,V005-3132,-3.96,1.075,-2.15,-0.367,0.827,-0.426
Donor,V005-3132,-5.404,0.124,2.745,-0.004,-0.106,0.994
Acceptor,V005-3132,2.884,0.539,1.519,0.934,0.23,0.274
Acceptor,V005-3132,-0.392,1.464,0.659,0.101,0.798,-0.593
Acceptor,V005-3132,-2.344,2.844,-1.521,0.098,0.992,-0.074
Acceptor,V005-3132,-1.492,0.499,-1.942,0.688,-0.628,-0.365
Acceptor,V005-3132,-6.761,-0.149,0.874,-0.138,0.011,-0.99
NegIonizable,V005-3132,3.35,-2.209,1.976,,,
Aromatic,V005-3132,1.754,0.281,1.238,-0.241,0.129,0.962
Aromatic,V005-3132,-2.895,0.807,1.662,0.178,-0.972,-0.155
LumpedHydrophobe,V005-3132,-2.895,0.807,1.662,,,
LumpedHydrophobe,V005-3132,-8.403,-1.606,3.083,,,
LumpedHydrophobe,V005-3132,2.236,2.81,0.878,,,
LumpedHydrophobe,V005-3132,-4.307,-0.208,-2.81,,,
Donor,V030-1754,4.264,-1.977,2.314,0.431,-0.836,0.34
Donor,V030-1754,-3.912,-0.52,-1.702,-0.827,0.04,-0.561
Donor,V030-1754,-4.784,2.299,3.223,-0.886,0.097,-0.453
Acceptor,V030-1754,2.327,6.02,-0.528,0.123,0.976,-0.178
Acceptor,V030-1754,2.599,-0.046,1.225,0.867,0.375,0.327
Acceptor,V030-1754,-0.7,0.213,-0.022,-0.147,-0.055,-0.988
Acceptor,V030-1754,-1.988,1.07,-2.216,0.86,0.05,-0.508
Acceptor,V030-1754,-4.3,1.932,-1.764,-0.739,0.645,-0.194
Acceptor,V030-1754,-3.687,2.843,5.2,0.834,0.111,0.54
NegIonizable,V030-1754,3.368,-2.648,2.019,,,
Aromatic,V030-1754,1.546,-0.484,0.885,-0.35,0.207,0.914
Aromatic,V030-1754,1.972,3.358,-0.016,-0.574,0.243,0.782
Aromatic,V030-1754,-2.708,1.232,1.632,0.341,0.924,-0.173
LumpedHydrophobe,V030-1754,1.972,3.358,-0.016,,,
LumpedHydrophobe,V030-1754,-2.708,1.232,1.632,,,
LumpedHydrophobe,V030-1754,-6.716,2.501,5.227,,,
LumpedHydrophobe,V030-1754,-3.181,-2.18,-2.133,,,
Donor,V030-1764,4.287,-1.625,2.027,0.341,-0.922,0.182
Donor,V030-1764,-3.9,1.657,-2.293,0.041,-0.592,-0.805
Donor,V030-1764,-5.681,0.019,2.348,-0.047,-0.294,0.955
Acceptor,V030-1764,2.743,0.629,1.558,0.94,0.241,0.241
Acceptor,V030-1764,-0.546,1.574,0.783,0.13,0.872,-0.471
Acceptor,V030-1764,-1.985,3.057,-1.393,0.322,0.946,0.035
Acceptor,V030-1764,-1.661,0.626,-2.028,0.545,-0.734,-0.404
Acceptor,V030-1764,-7.044,0.602,0.562,-0.128,0.412,-0.902
NegIonizable,V030-1764,3.25,-2.129,1.905,,,
Aromatic,V030-1764,1.604,0.362,1.297,0.225,-0.08,-0.971
Aromatic,V030-1764,-3.103,0.789,1.516,0.204,-0.949,-0.242
LumpedHydrophobe,V030-1764,-3.103,0.789,1.516,,,
Donor,V007-7729,4.274,-2.09,2.179,0.245,-0.89,0.385
Donor,V007-7729,-3.641,0.61,-2.01,-0.568,0.459,-0.683
Donor,V007-7729,-5.455,0.998,2.712,-0.713,0.19,-0.675
Acceptor,V007-7729,2.981,0.227,1.404,0.991,0.106,0.084
Acceptor,V007-7729,-0.257,1.407,0.678,0.166,0.698,-0.697
Acceptor,V007-7729,-2.883,2.963,-1.667,-0.302,0.932,-0.199
Acceptor,V007-7729,-1.179,1.097,-1.839,0.877,-0.359,-0.319
Acceptor,V007-7729,-5.22,0.421,4.964,0.552,-0.197,0.81
NegIonizable,V007-7729,3.174,-2.425,2.329,,,
Aromatic,V007-7729,1.805,0.099,1.312,0.104,-0.298,-0.949
Aromatic,V007-7729,2.96,3.782,0.236,0.271,0.184,0.945
Aromatic,V007-7729,-2.819,1.178,1.732,0.003,-0.989,-0.15
LumpedHydrophobe,V007-7729,2.96,3.782,0.236,,,
LumpedHydrophobe,V007-7729,-2.819,1.178,1.732,,,
LumpedHydrophobe,V007-7729,-7.915,0.006,3.79,,,
LumpedHydrophobe,V007-7729,-3.646,-1.172,-2.545,,,
