het_code,smiles,protonated_smiles,ph,n_pka_sites,pka_values,guard_neutralized,method
MG,[Mg+2],[Mg+2],7.4,0,,,pkasolver:no_ionizable
EST,C[C@]12CC[C@@H]3c4ccc(cc4CC[C@H]3[C@@H]1CC[C@@H]2O)O,C[C@]12CC[C@@H]3c4ccc(O)cc4CC[C@H]3[C@@H]1CC[C@@H]2O,7.4,1,10.03,,pkasolver
CA,[Ca+2],[Ca+2],7.4,0,,,pkasolver:no_ionizable
OHT,CC/C(=C(\c1ccc(cc1)O)/c2ccc(cc2)OCCN(C)C)/c3ccccc3,CC/C(=C(\c1ccc(O)cc1)c1ccc(OCC[NH+](C)C)cc1)c1ccccc1,7.4,2,9.33;10.00,phenol:1,pkasolver+weak_acid_guard
RAL,c1cc(ccc1c2c(c3ccc(cc3s2)O)C(=O)c4ccc(cc4)OCCN5CCCCC5)O,O=C(c1ccc(OCC[NH+]2CCCCC2)cc1)c1c(-c2ccc(O)cc2)sc2cc(O)ccc12,7.4,3,7.78;10.00;10.00,phenol:2,pkasolver+weak_acid_guard
G9J,CC1=C([C@@H](Oc2c1cc(cc2)O)c3ccc(cc3)I)c4cccc(c4)O,CC1=C(c2cccc(O)c2)[C@H](c2ccc(I)cc2)Oc2ccc(O)cc21,7.4,2,10.00;10.00,phenol:2,pkasolver+weak_acid_guard
GEH,CC(C)(C(=O)NCCS)Oc1ccc(cc1)Cl,CC(C)(Oc1ccc(Cl)cc1)C(=O)NCCS,7.4,3,4.12;6.19;9.33,,pkasolver
ZN,[Zn+2],[Zn+2],7.4,0,,,pkasolver:no_ionizable
C3D,c1ccc(cc1)[C@H]2CCc3cc(ccc3[C@H]2c4ccc(cc4)OCCN5CCCC5)O,Oc1ccc2c(c1)CC[C@H](c1ccccc1)[C@@H]2c1ccc(OCC[NH+]2CCCC2)cc1,7.4,2,8.86;10.00,phenol:1,pkasolver+weak_acid_guard
GEN,c1cc(ccc1C2=COc3cc(cc(c3C2=O)O)O)O,O=c1c(-c2ccc(O)cc2)coc2cc(O)cc(O)c12,7.4,3,10.00;10.00;10.00,phenol:3,pkasolver+weak_acid_guard
NI,[Ni+2],[Ni+2],7.4,0,,,pkasolver:no_ionizable
SAH,c1nc(c2c(n1)n(cn2)[C@H]3[C@@H]([C@@H]([C@H](O3)CSCC[C@@H](C(=O)O)N)O)O)N,Nc1ncnc2c1ncn2[C@@H]1O[C@H](CSCC[C@H]([NH3+])C(=O)[O-])[C@@H](O)[C@H]1O,7.4,6,3.30;3.58;3.59;4.71;8.34;8.68,,pkasolver
29S,Cc1c2cc(ccc2n(c1c3ccc(cc3)O)Cc4ccc(cc4)OCCN5CCCCCC5)O,Cc1c(-c2ccc(O)cc2)n(Cc2ccc(OCC[NH+]3CCCCCC3)cc2)c2ccc(O)cc12,7.4,3,8.30;10.00;10.00,phenol:2,pkasolver+weak_acid_guard
6WV,C[C@]12CC[C@@H]3c4ccc(cc4CC[C@H]3[C@@H]1CC[C@@H]2Nc5ccccc5)O,C[C@]12CC[C@@H]3c4ccc(O)cc4CC[C@H]3[C@@H]1CC[C@@H]2[NH2+]c1ccccc1,7.4,2,7.74;10.00,phenol:1,pkasolver+weak_acid_guard
7EE,C[C@]12CC[C@@H]3c4ccc(cc4CC[C@H]3[C@@H]1CC[C@]2(C#Cc5ccc(cc5)N)O)O,C[C@]12CC[C@@H]3c4ccc(O)cc4CC[C@H]3[C@@H]1CC[C@@]2(O)C#Cc1ccc(N)cc1,7.4,4,5.00;9.25;10.00;10.41,phenol:1,pkasolver+weak_acid_guard
7EH,Cn1c2c(cc(cn2)c3ccccc3)nc1N,Cn1c(N)nc2cc(-c3ccccc3)cnc21,7.4,4,2.80;3.34;4.97;9.63,,pkasolver
C6V,CC(c1cc(ccc1c2c(c3ccc(cc3s2)O)Oc4ccc(cc4)/C=C/C(=O)O)F)(F)F,CC(F)(F)c1cc(F)ccc1-c1sc2cc(O)ccc2c1Oc1ccc(/C=C/C(=O)[O-])cc1,7.4,2,4.50;10.00,phenol:1,pkasolver+weak_acid_guard
DES,CC/C(=C(/CC)\c1ccc(cc1)O)/c2ccc(cc2)O,CC/C(=C(/CC)c1ccc(O)cc1)c1ccc(O)cc1,7.4,2,10.00;10.00,phenol:2,pkasolver+weak_acid_guard
F3D,CC/C(=C(/c1ccc(cc1)OCCNCCCC(=O)N(C)C)\c2ccc3c(c2)cn[nH]3)/c4ccccc4,CC/C(=C(/c1ccc(OCC[NH2+]CCCC(=O)[NH+](C)C)cc1)c1ccc2[nH]ncc2c1)c1ccccc1,7.4,5,4.67;5.26;8.52;9.46;10.28,,pkasolver
FSC,C[C@@H]1[C@@H]\2CC[C@@H](/C2=C/[C@]3([C@H](CC(=C3[C@H]([C@@H]1O)O[C@@H]4[C@@H]([C@H]([C@@H]([C@H](O4)COC(C)(C)C=C)O)OC(=O)C)O)[C@H](C)COC(=O)C)O)C)COC,C=CC(C)(C)OC[C@H]1O[C@H](O[C@@H]2C3=C([C@H](C)COC(C)=O)C[C@H](O)[C@]3(C)/C=C3/[C@@H](COC)CC[C@H]3[C@@H](C)[C@H]2O)[C@H](O)[C@@H](OC(C)=O)[C@@H]1O,7.4,1,8.62,,pkasolver
GW5,CC/C(=C(\c1ccccc1)/c2ccc(cc2)/C=C/C(=O)O)/c3ccccc3,CC/C(=C(\c1ccccc1)c1ccc(/C=C/C(=O)[O-])cc1)c1ccccc1,7.4,1,5.12,,pkasolver
KN1,C=CCn1c2c(cccc2C(F)(F)F)c(n1)c3ccc(cc3O)O,C=CCn1nc(-c2ccc(O)cc2O)c2cccc(C(F)(F)F)c21,7.4,3,3.76;10.00;10.00,phenol:2,pkasolver+weak_acid_guard
KN3,CC(=CCn1c2c(cccc2C(F)(F)F)c(n1)c3ccc(cc3O)O)C,CC(C)=CCn1nc(-c2ccc(O)cc2O)c2cccc(C(F)(F)F)c21,7.4,3,4.07;10.00;10.00,phenol:2,pkasolver+weak_acid_guard
LF5,[H]/N=C(/c1cc2c(ccc(c2s1)OC(C)C)Cl)\N,[H]/N=C(\N)c1cc2c(Cl)ccc(OC(C)C)c2s1,7.4,1,7.21,,pkasolver
O4I,CC(C)(C(=O)N1CCC(CC1)CNC(=O)CCl)Oc2ccc(cc2)Cl,CC(C)(Oc1ccc(Cl)cc1)C(=O)N1CCC(CNC(=O)CCl)CC1,7.4,3,7.34;7.79;9.32,,pkasolver
OBH,c1cc(ccc1C2=C([C@H]3[C@@H](C[C@@H]2O3)S(=O)(=O)OC4C=CCC=C4)c5ccc(cc5)O)O,O=S(=O)(OC1C=CCC=C1)[C@@H]1C[C@@H]2O[C@H]1C(c1ccc(O)cc1)=C2c1ccc(O)cc1,7.4,2,10.00;10.00,phenol:2,pkasolver+weak_acid_guard
OBT,c1cc(ccc1C2=C([C@H]3[C@@H](C[C@@H]2O3)S(=O)(=O)N(CC(F)(F)F)c4ccc(cc4)Cl)c5ccc(cc5)O)O,O=S(=O)([C@@H]1C[C@@H]2O[C@H]1C(c1ccc(O)cc1)=C2c1ccc(O)cc1)N(CC(F)(F)F)c1ccc(Cl)cc1,7.4,3,3.58;10.00;10.00,phenol:2,pkasolver+weak_acid_guard
R3V,C[C@H]1CCN(C1)CCOc2ccc(cc2)[C@@H]3c4ccc(cc4CC[C@@H]3c5ccccc5)O,C[C@H]1CC[NH+](CCOc2ccc([C@@H]3c4ccc(O)cc4CC[C@@H]3c3ccccc3)cc2)C1,7.4,2,8.99;10.00,phenol:1,pkasolver+weak_acid_guard
RL4,C[C@@H]1CCCN1CCOc2ccc(cc2)[C@@H]3c4ccc(cc4CC[C@@H]3c5ccccc5)O,C[C@@H]1CCC[NH+]1CCOc1ccc([C@@H]2c3ccc(O)cc3CC[C@@H]2c2ccccc2)cc1,7.4,2,9.04;10.00,phenol:1,pkasolver+weak_acid_guard
SDM,[H]/N=C(\c1cc2c(cccc2s1)OCC)/N,[H]/[NH+]=C(/N)c1cc2c(OCC)cccc2s1,7.4,1,7.42,,pkasolver
SIT,C[C@@H]1[C@@H]\2CC[C@@H](/C2=C/[C@]3([C@H](CC(=C3[C@H]([C@@H]1O)O[C@@H]4[C@@H]([C@H]([C@@H]([C@H](O4)COC(C)(C)C=C)O)O)O)[C@H](C)COC(=O)C)O)C)COC,C=CC(C)(C)OC[C@H]1O[C@H](O[C@@H]2C3=C([C@H](C)COC(C)=O)C[C@H](O)[C@]3(C)/C=C3/[C@@H](COC)CC[C@H]3[C@@H](C)[C@H]2O)[C@H](O)[C@@H](O)[C@@H]1O,7.4,4,8.69;8.70;8.82;8.85,,pkasolver
TV3,CCCN1CC[C@H](C1)COc2ccc(cc2)[C@@H]3c4ccc(cc4CC5(N3C(=O)c6ccccc6)CC5)O,CCC[NH+]1CC[C@@H](COc2ccc([C@@H]3c4ccc(O)cc4CC4(CC4)N3C(=O)c3ccccc3)cc2)C1,7.4,3,5.69;9.36;10.00,phenol:1,pkasolver+weak_acid_guard
TZI,c1ccc(cc1)C(=O)N2[C@@H](c3ccc(cc3CC24CC4)O)c5ccc(cc5)OC[C@@H]6CCN(C6)CCCF,O=C(c1ccccc1)N1[C@H](c2ccc(OC[C@@H]3CC[NH+](CCCF)C3)cc2)c2ccc(O)cc2CC12CC2,7.4,3,5.57;8.84;10.00,phenol:1,pkasolver+weak_acid_guard
09W,[H]/N=C(/c1cc(c(s1)CNC(=O)c2cccc3c2OCC3)c4ccccc4)\N,[H]/N=C(\N)c1cc(-c2ccccc2)c(CNC(=O)c2cccc3c2OCC3)s1,7.4,3,4.18;6.68;9.14,,pkasolver
0AW,[H]/N=C(/c1cc(c(s1)CNC(=O)c2ccc3c(c2)CCO3)c4ccccc4)\N,[H]/N=C(\N)c1cc(-c2ccccc2)c(CNC(=O)c2ccc3c(c2)CCO3)s1,7.4,3,4.00;6.69;9.20,,pkasolver
0B7,[H]/N=C(/c1cc(c(s1)CNC(=O)c2ccc3cc[nH]c3c2)c4ccccc4)\N,[H]/N=C(\N)c1cc(-c2ccccc2)c(CNC(=O)c2ccc3cc[nH]c3c2)s1,7.4,5,3.85;4.30;6.82;8.72;9.78,,pkasolver
0CZ,c1cc(ccc1C(c2ccc(cc2)O)(C(F)(F)F)C(F)(F)F)O,Oc1ccc(C(c2ccc(O)cc2)(C(F)(F)F)C(F)(F)F)cc1,7.4,2,10.00;10.00,phenol:2,pkasolver+weak_acid_guard
0D1,c1cc(ccc1C(=C(Cl)Cl)c2ccc(cc2)O)O,Oc1ccc(C(=C(Cl)Cl)c2ccc(O)cc2)cc1,7.4,2,10.00;10.00,phenol:2,pkasolver+weak_acid_guard
0L8,c1cc(ccc1c2c(cc(cc2Br)CO)c3ccoc3)O,OCc1cc(Br)c(-c2ccc(O)cc2)c(-c2ccoc2)c1,7.4,2,9.66;10.00,phenol:1,pkasolver+weak_acid_guard
15Q,c1cc(c(cc1c2ccc(c(c2Cl)/C=N/O)O)F)O,O/N=C/c1c(O)ccc(-c2ccc(O)c(F)c2)c1Cl,7.4,0,,,pkasolver:no_ionizable
17M,C[C@]12CCc3c4ccc(cc4ccc3[C@@H]1CC[C@@]2(C)O)O,C[C@]12CCc3c(ccc4cc(O)ccc34)[C@@H]1CC[C@@]2(C)O,7.4,2,9.35;10.00,phenol:1,pkasolver+weak_acid_guard
1GJ,c1ccc(cc1)Cn2c(c3cccc(c3n2)C(F)(F)F)c4ccc(cc4O)O,Oc1ccc(-c2c3cccc(C(F)(F)F)c3nn2Cc2ccccc2)c(O)c1,7.4,3,3.81;10.00;10.00,phenol:2,pkasolver+weak_acid_guard
1GM,CCn1c(c2cccc(c2n1)C(F)(F)F)c3ccc(cc3O)O,CCn1nc2c(C(F)(F)F)cccc2c1-c1ccc(O)cc1O,7.4,3,3.99;10.00;10.00,phenol:2,pkasolver+weak_acid_guard
1GQ,CCCCn1c2c(cccc2C(F)(F)F)c(n1)c3ccc(cc3O)O,CCCCn1nc(-c2ccc(O)cc2O)c2cccc(C(F)(F)F)c21,7.4,3,3.89;10.00;10.00,phenol:2,pkasolver+weak_acid_guard
1GR,CC(C)Cn1c2c(cccc2C(F)(F)F)c(n1)c3ccc(cc3O)O,CC(C)Cn1nc(-c2ccc(O)cc2O)c2cccc(C(F)(F)F)c21,7.4,3,3.89;10.00;10.00,phenol:2,pkasolver+weak_acid_guard
1GS,CC(C)Cn1c(c2cccc(c2n1)C(F)(F)F)c3ccc(cc3O)O,CC(C)Cn1nc2c(C(F)(F)F)cccc2c1-c1ccc(O)cc1O,7.4,3,4.01;10.00;10.00,phenol:2,pkasolver+weak_acid_guard
1GT,C=CCCn1c2c(cccc2C(F)(F)F)c(n1)c3ccc(cc3O)O,C=CCCn1nc(-c2ccc(O)cc2O)c2cccc(C(F)(F)F)c21,7.4,3,3.80;10.00;10.00,phenol:2,pkasolver+weak_acid_guard
1GU,C=CCCn1c(c2cccc(c2n1)C(F)(F)F)c3ccc(cc3O)O,C=CCCn1nc2c(C(F)(F)F)cccc2c1-c1ccc(O)cc1O,7.4,3,3.92;10.00;10.00,phenol:2,pkasolver+weak_acid_guard
1GV,Cc1cc(ccc1c2ccc(s2)c3ccc(cc3C)O)O,Cc1cc(O)ccc1-c1ccc(-c2ccc(O)cc2C)s1,7.4,2,10.00;10.00,phenol:2,pkasolver+weak_acid_guard
1HP,Cn1c2cc(cnc2nc1N)c3ccc(cc3)O,Cn1c(N)nc2ncc(-c3ccc(O)cc3)cc21,7.4,5,3.89;4.61;5.33;8.84;10.00,phenol:1,pkasolver+weak_acid_guard
244,c1cc(ccc1c2cc3cc(cc(c3o2)CC#N)O)O,N#CCc1cc(O)cc2cc(-c3ccc(O)cc3)oc12,7.4,2,10.00;10.00,phenol:2,pkasolver+weak_acid_guard
27G,CCCCOC(=O)c1ccccc1C(=O)OCc2ccccc2,CCCCOC(=O)c1ccccc1C(=O)OCc1ccccc1,7.4,0,,,pkasolver:no_ionizable
27H,CC1=CC[C@]2(CC[C@]([C@@H]2[C@H](C1)OC(=O)c3ccc(cc3)O)(C(C)C)O)C,CC1=CC[C@@]2(C)CC[C@@](O)(C(C)C)[C@@H]2[C@@H](OC(=O)c2ccc(O)cc2)C1,7.4,2,9.12;10.00,phenol:1,pkasolver+weak_acid_guard
27J,C[C@H]1CCC[C@@H](CCCCCc2cc(cc(c2C(=O)O1)O)O)O,C[C@H]1CCC[C@H](O)CCCCCc2cc(O)cc(O)c2C(=O)O1,7.4,3,7.68;10.00;10.00,phenol:2,pkasolver+weak_acid_guard
27K,CCCCOC(=O)c1ccc(cc1)O,CCCCOC(=O)c1ccc(O)cc1,7.4,1,10.00,phenol:1,pkasolver+weak_acid_guard
27L,CC(C)(C)CC(C)(C)c1ccc(cc1)O,CC(C)(C)CC(C)(C)c1ccc(O)cc1,7.4,1,10.00,phenol:1,pkasolver+weak_acid_guard
27M,c1cc(c(cc1O)O)C(=O)c2ccc(cc2O)O,O=C(c1ccc(O)cc1O)c1ccc(O)cc1O,7.4,4,10.00;10.00;10.00;10.00,phenol:4,pkasolver+weak_acid_guard
27N,c1cc(ccc1C(c2ccc(cc2)O)C(Cl)(Cl)Cl)O,Oc1ccc(C(c2ccc(O)cc2)C(Cl)(Cl)Cl)cc1,7.4,2,10.00;10.00,phenol:2,pkasolver+weak_acid_guard
2I9,CN(C)C(=O)/C=C\CNCCOc1ccc(cc1)Oc2c3ccc(cc3sc2c4ccc(cc4)O)O,C[NH+](C)C(=O)/C=C\C[NH2+]CCOc1ccc(Oc2c(-c3ccc(O)cc3)sc3cc(O)ccc23)cc1,7.4,4,7.44;8.11;10.00;10.00,phenol:2,pkasolver+weak_acid_guard
2OH,CC(C)(c1ccc(cc1)O)c2ccc(cc2)O,CC(C)(c1ccc(O)cc1)c1ccc(O)cc1,7.4,2,10.00;10.00,phenol:2,pkasolver+weak_acid_guard
369,Cc1cc2cc(ccc2c(c1c3cccc(c3)O)Oc4ccc(cc4)O)O,Cc1cc2cc(O)ccc2c(Oc2ccc(O)cc2)c1-c1cccc(O)c1,7.4,3,10.00;10.00;10.00,phenol:3,pkasolver+weak_acid_guard
36J,C[C@H]1CCC[C@@H](CCC/C=C/c2cc(cc(c2C(=O)O1)O)O)O,C[C@H]1CCC[C@H](O)CCC/C=C/c2cc(O)cc(O)c2C(=O)O1,7.4,3,7.45;10.00;10.00,phenol:2,pkasolver+weak_acid_guard
36M,CCCOC(=O)c1ccc(cc1)O,CCCOC(=O)c1ccc(O)cc1,7.4,1,10.00,phenol:1,pkasolver+weak_acid_guard
3YJ,CCCN(C)C(=O)CCCCCCCCCC[C@@H]1Cc2cc(ccc2[C@@H]3[C@@H]1[C@@H]4CC[C@@H]([C@]4(CC3)C)O)O,CCC[NH+](C)C(=O)CCCCCCCCCC[C@@H]1Cc2cc(O)ccc2[C@H]2CC[C@]3(C)[C@@H](O)CC[C@H]3[C@H]12,7.4,3,8.33;9.64;10.00,phenol:1,pkasolver+weak_acid_guard
458,CC1=CC[C@]2(C[C@@H]1[C@H](OC2)c3ccc(cc3)O)CO,CC1=CC[C@]2(CO)CO[C@H](c3ccc(O)cc3)[C@H]1C2,7.4,2,9.12;10.00,phenol:1,pkasolver+weak_acid_guard
459,CC1CC[C@@]2(CO[C@@H]([C@H]1[C@H]2C)c3ccc(cc3)O)CO,CC1CC[C@]2(CO)CO[C@H](c3ccc(O)cc3)[C@H]1[C@H]2C,7.4,2,9.26;10.00,phenol:1,pkasolver+weak_acid_guard
4OH,C[C@]12CC[C@@H]3c4ccc(cc4CC[C@H]3[C@@H]1[C@H]([C@H]([C@@H]2O)O)O)O,C[C@]12CC[C@@H]3c4ccc(O)cc4CC[C@H]3[C@@H]1[C@@H](O)[C@@H](O)[C@@H]2O,7.4,2,10.00;10.48,phenol:1,pkasolver+weak_acid_guard
4Q7,COc1ccccc1OS(=O)(=O)[C@@H]2C[C@H]3C(=C([C@@H]2O3)c4ccc(cc4)O)c5ccc(cc5)O,COc1ccccc1OS(=O)(=O)[C@@H]1C[C@@H]2O[C@H]1C(c1ccc(O)cc1)=C2c1ccc(O)cc1,7.4,2,10.00;10.00,phenol:2,pkasolver+weak_acid_guard
4Q9,Cc1ccccc1OS(=O)(=O)[C@@H]2CC3C(=C([C@@H]2O3)c4ccc(cc4)O)c5ccc(cc5)O,Cc1ccccc1OS(=O)(=O)[C@@H]1CC2O[C@H]1C(c1ccc(O)cc1)=C2c1ccc(O)cc1,7.4,2,10.00;10.00,phenol:2,pkasolver+weak_acid_guard
53Q,CCN(CC)CCOc1ccc(cc1)/C(=C(\c2ccccc2)/Cl)/c3ccccc3,CC[NH+](CC)CCOc1ccc(/C(=C(/Cl)c2ccccc2)c2ccccc2)cc1,7.4,1,8.61,,pkasolver
5C4,CC(=C(c1ccc(cc1)O)c2ccc(cc2)O)c3cccc(c3)Nc4ccccc4,CC(=C(c1ccc(O)cc1)c1ccc(O)cc1)c1cccc(Nc2ccccc2)c1,7.4,4,6.68;10.00;10.00;10.81,phenol:2,pkasolver+weak_acid_guard
5C6,CCC(=C(c1ccc(cc1)O)c2ccc(cc2)O)c3cccc(c3)Nc4cccc5c4cccc5,CCC(=C(c1ccc(O)cc1)c1ccc(O)cc1)c1cccc(Nc2cccc3ccccc23)c1,7.4,4,6.87;10.00;10.00;10.86,phenol:2,pkasolver+weak_acid_guard
5C7,CC(=C(c1ccc(cc1)O)c2ccc(cc2)O)c3ccc(cc3)C(C)(C)C,CC(=C(c1ccc(O)cc1)c1ccc(O)cc1)c1ccc(C(C)(C)C)cc1,7.4,2,10.00;10.00,phenol:2,pkasolver+weak_acid_guard
5C8,CC(=C(c1ccc(cc1)O)c2ccc(cc2)O)c3ccc4ccccc4c3,CC(=C(c1ccc(O)cc1)c1ccc(O)cc1)c1ccc2ccccc2c1,7.4,2,10.00;10.00,phenol:2,pkasolver+weak_acid_guard
5C9,CCC(=C(c1ccc(cc1)O)c2ccc(cc2)O)c3cccc(c3)Nc4cccc(c4)C,CCC(=C(c1ccc(O)cc1)c1ccc(O)cc1)c1cccc(Nc2cccc(C)c2)c1,7.4,4,6.90;10.00;10.00;10.93,phenol:2,pkasolver+weak_acid_guard
5CC,CCC(=C(c1ccc(cc1)O)c2ccc(cc2)O)c3cccc(c3)Nc4ccccc4,CCC(=C(c1ccc(O)cc1)c1ccc(O)cc1)c1cccc(Nc2ccccc2)c1,7.4,4,6.83;10.00;10.00;10.95,phenol:2,pkasolver+weak_acid_guard
5CE,C[C@]12CC[C@@H](C[C@H]1CC[C@@H]2O)c3ccc(cc3C(F)(F)F)O,C[C@]12CC[C@H](c3ccc(O)cc3C(F)(F)F)C[C@H]1CC[C@@H]2O,7.4,2,9.05;10.00,phenol:1,pkasolver+weak_acid_guard
5CJ,C[C@]12CC[C@@H](C[C@H]1CC[C@@H]2O)c3cc(c(c(c3F)F)O)F,C[C@]12CC[C@H](c3cc(F)c(O)c(F)c3F)C[C@H]1CC[C@@H]2O,7.4,2,7.42;10.00,phenol:1,pkasolver+weak_acid_guard
5CK,C[C@]12CC[C@@H](C[C@H]1CC[C@@H]2O)c3ccc(c(c3F)F)O,C[C@]12CC[C@H](c3ccc(O)c(F)c3F)C[C@H]1CC[C@@H]2O,7.4,2,8.55;10.00,phenol:1,pkasolver+weak_acid_guard
5CQ,Cc1cc(ccc1[C@H]2CC[C@]3([C@@H](C2)CC[C@@H]3O)C)O,Cc1cc(O)ccc1[C@H]1CC[C@@]2(C)[C@H](CC[C@@H]2O)C1,7.4,2,9.62;10.00,phenol:1,pkasolver+weak_acid_guard
5DG,CC(=C(c1ccc(cc1)O)c2ccc(cc2)O)c3cccc(c3)Nc4ccc(cc4)F,CC(=C(c1ccc(O)cc1)c1ccc(O)cc1)c1cccc(Nc2ccc(F)cc2)c1,7.4,4,6.68;10.00;10.00;10.65,phenol:2,pkasolver+weak_acid_guard
5DH,c1ccc(cc1)C(=C(c2ccc(cc2)O)c3ccc(cc3)O)C#N,N#CC(=C(c1ccc(O)cc1)c1ccc(O)cc1)c1ccccc1,7.4,2,10.00;10.00,phenol:2,pkasolver+weak_acid_guard
5DJ,c1ccc(cc1)C=C(c2ccc(cc2)O)c3ccc(cc3)O,Oc1ccc(C(=Cc2ccccc2)c2ccc(O)cc2)cc1,7.4,2,10.00;10.00,phenol:2,pkasolver+weak_acid_guard
5ES,c1cc(cc(c1)Nc2ccc(cc2)F)C=C(c3ccc(cc3)O)c4ccc(cc4)O,Oc1ccc(C(=Cc2cccc(Nc3ccc(F)cc3)c2)c2ccc(O)cc2)cc1,7.4,4,6.62;10.00;10.00;10.65,phenol:2,pkasolver+weak_acid_guard
5ET,c1cc(c(cc1O)Cl)c2ccc(s2)c3ccc(cc3Cl)O,Oc1ccc(-c2ccc(-c3ccc(O)cc3Cl)s2)c(Cl)c1,7.4,2,10.00;10.00,phenol:2,pkasolver+weak_acid_guard
5EU,Cc1cc(sc1c2ccc(cc2Cl)O)c3ccc(cc3Cl)O,Cc1cc(-c2ccc(O)cc2Cl)sc1-c1ccc(O)cc1Cl,7.4,2,10.00;10.00,phenol:2,pkasolver+weak_acid_guard
5FS,Cc1cc(ccc1C2=CS(=O)(=O)C=C2c3ccc(cc3C)O)O,Cc1cc(O)ccc1C1=CS(=O)(=O)C=C1c1ccc(O)cc1C,7.4,2,10.00;10.00,phenol:2,pkasolver+weak_acid_guard
5FT,Cc1cc(ccc1O)C2=C([C@H]3[C@H](C[C@@H]2S3=O)S(=O)(=O)Oc4ccccc4)c5ccc(c(c5)C)O,Cc1cc(C2=C(c3ccc(O)c(C)c3)[C@H]3[C@@H](S(=O)(=O)Oc4ccccc4)C[C@@H]2S3=O)ccc1O,7.4,2,10.00;10.00,phenol:2,pkasolver+weak_acid_guard
5FV,Cc1cc(ccc1C2=C([C@H]3[C@H](C[C@@H]2S3=O)S(=O)(=O)Oc4ccccc4)c5ccc(cc5C)O)O,Cc1cc(O)ccc1C1=C(c2ccc(O)cc2C)[C@H]2[C@@H](S(=O)(=O)Oc3ccccc3)C[C@@H]1S2=O,7.4,2,10.00;10.00,phenol:2,pkasolver+weak_acid_guard
5FY,Cc1cc(ccc1C2=C([C@H]3[C@H](C[C@@H]2S3=O)S(=O)(=O)Oc4ccc(cc4)O)c5ccc(cc5C)O)O,Cc1cc(O)ccc1C1=C(c2ccc(O)cc2C)[C@H]2[C@@H](S(=O)(=O)Oc3ccc(O)cc3)C[C@@H]1S2=O,7.4,3,10.00;10.00;10.00,phenol:3,pkasolver+weak_acid_guard
5G2,c1cc(c(cc1O)Cl)C2=CS(=O)(=O)C=C2c3ccc(cc3Cl)O,O=S1(=O)C=C(c2ccc(O)cc2Cl)C(c2ccc(O)cc2Cl)=C1,7.4,2,10.00;10.00,phenol:2,pkasolver+weak_acid_guard
5G3,c1ccc(c(c1)/N=C(\c2ccc(cc2)O)/c3ccc(cc3O)O)Cl,Oc1ccc(/C(=N\c2ccccc2Cl)c2ccc(O)cc2O)cc1,7.4,3,10.00;10.00;10.00,phenol:3,pkasolver+weak_acid_guard
5G4,Cc1ccccc1/N=C(\c2ccc(cc2)O)/c3ccc(cc3O)O,Cc1ccccc1/N=C(\c1ccc(O)cc1)c1ccc(O)cc1O,7.4,3,10.00;10.00;10.00,phenol:3,pkasolver+weak_acid_guard
5G5,c1ccc(c(c1)N=C(c2ccc(cc2)O)c3ccc(cc3)O)Cl,Oc1ccc(C(=Nc2ccccc2Cl)c2ccc(O)cc2)cc1,7.4,2,10.00;10.00,phenol:2,pkasolver+weak_acid_guard
5G6,c1ccc(cc1)N=C(c2ccc(cc2)O)c3ccc(cc3)O,Oc1ccc(C(=Nc2ccccc2)c2ccc(O)cc2)cc1,7.4,2,10.00;10.00,phenol:2,pkasolver+weak_acid_guard
5G7,Cc1ccccc1N=C(c2ccc(cc2)O)c3ccc(cc3)O,Cc1ccccc1N=C(c1ccc(O)cc1)c1ccc(O)cc1,7.4,2,10.00;10.00,phenol:2,pkasolver+weak_acid_guard
5HW,C[C@@H]1CCCC(=C(c2ccc(cc2)O)c3ccc(cc3)O)C1,C[C@@H]1CCCC(=C(c2ccc(O)cc2)c2ccc(O)cc2)C1,7.4,2,10.00;10.00,phenol:2,pkasolver+weak_acid_guard
5HX,c1ccc(cc1)C(=C2C3CCCC2CCC3)c4ccc(cc4)O,Oc1ccc(C(=C2C3CCCC2CCC3)c2ccccc2)cc1,7.4,1,10.00,phenol:1,pkasolver+weak_acid_guard
5HZ,c1cc(ccc1C(=C2C3CCCC2CCC3)c4ccc(cc4)O)O,Oc1ccc(C(=C2C3CCCC2CCC3)c2ccc(O)cc2)cc1,7.4,2,10.00;10.00,phenol:2,pkasolver+weak_acid_guard
5J0,c1cc(cc(c1)O)C(=C2C3CCCC2CCC3)c4ccc(cc4)O,Oc1ccc(C(=C2C3CCCC2CCC3)c2cccc(O)c2)cc1,7.4,2,10.00;10.00,phenol:2,pkasolver+weak_acid_guard
5J1,c1cc(ccc1C(c2ccc(cc2)O)C3C4CCCC3CCC4)O,Oc1ccc(C(c2ccc(O)cc2)C2C3CCCC2CCC3)cc1,7.4,2,10.00;10.00,phenol:2,pkasolver+weak_acid_guard
5J2,c1cc(ccc1/C(=N\c2ccc(cc2)F)/c3ccc(cc3O)O)O,Oc1ccc(/C(=N\c2ccc(F)cc2)c2ccc(O)cc2O)cc1,7.4,3,10.00;10.00;10.00,phenol:3,pkasolver+weak_acid_guard
5JX,c1cc(ccc1C(=C2CCC(CC2)CF)c3ccc(cc3)O)O,Oc1ccc(C(=C2CCC(CF)CC2)c2ccc(O)cc2)cc1,7.4,2,10.00;10.00,phenol:2,pkasolver+weak_acid_guard
5JY,CCC1CCC(=C(c2ccc(cc2)O)c3ccc(cc3)O)CC1,CCC1CCC(=C(c2ccc(O)cc2)c2ccc(O)cc2)CC1,7.4,2,10.00;10.00,phenol:2,pkasolver+weak_acid_guard
5K0,CC1CCC(=C(c2ccc(cc2)O)c3ccc(cc3)O)CC1,CC1CCC(=C(c2ccc(O)cc2)c2ccc(O)cc2)CC1,7.4,2,10.00;10.00,phenol:2,pkasolver+weak_acid_guard
5K1,CS[C@H]1CCCC(=C(c2ccc(cc2)O)c3ccc(cc3)O)C1,CS[C@H]1CCCC(=C(c2ccc(O)cc2)c2ccc(O)cc2)C1,7.4,2,10.00;10.00,phenol:2,pkasolver+weak_acid_guard
5K2,c1ccc2c(c1)CCC(=C(c3ccc(cc3)O)c4ccc(cc4)O)C2,Oc1ccc(C(=C2CCc3ccccc3C2)c2ccc(O)cc2)cc1,7.4,2,10.00;10.00,phenol:2,pkasolver+weak_acid_guard
5K4,CC[C@H]1CCCC(=C(c2ccc(cc2)O)c3ccc(cc3)O)C1,CC[C@H]1CCCC(=C(c2ccc(O)cc2)c2ccc(O)cc2)C1,7.4,2,10.00;10.00,phenol:2,pkasolver+weak_acid_guard
5K5,c1cc(ccc1C(=C2CC[C@H]3CCCC[C@@H]3C2)c4ccc(cc4)O)O,Oc1ccc(C(=C2CC[C@H]3CCCC[C@@H]3C2)c2ccc(O)cc2)cc1,7.4,2,10.00;10.00,phenol:2,pkasolver+weak_acid_guard
5K7,COC(=O)CC1CCC(=C(c2ccc(cc2)O)c3ccc(cc3)O)CC1,COC(=O)CC1CCC(=C(c2ccc(O)cc2)c2ccc(O)cc2)CC1,7.4,2,10.00;10.00,phenol:2,pkasolver+weak_acid_guard
5K8,COC(=O)C([C@H]1CCCC(=C(c2ccc(cc2)O)c3ccc(cc3)O)C1)C(=O)OC,COC(=O)C(C(=O)OC)[C@H]1CCCC(=C(c2ccc(O)cc2)c2ccc(O)cc2)C1,7.4,2,10.00;10.00,phenol:2,pkasolver+weak_acid_guard
5KA,c1cc(ccc1C(=C2CCC(CC2)CCOCCCCF)c3ccc(cc3)O)O,Oc1ccc(C(=C2CCC(CCOCCCCF)CC2)c2ccc(O)cc2)cc1,7.4,2,10.00;10.00,phenol:2,pkasolver+weak_acid_guard
5KB,c1ccc(cc1)[C@@H]2CCCC(=C(c3ccc(cc3)O)c4ccc(cc4)O)C2,Oc1ccc(C(=C2CCC[C@@H](c3ccccc3)C2)c2ccc(O)cc2)cc1,7.4,2,10.00;10.00,phenol:2,pkasolver+weak_acid_guard
5KD,COc1ccc(cc1)[C@H]2CCCC(=C(c3ccc(cc3)O)c4ccc(cc4)O)C2,COc1ccc([C@H]2CCCC(=C(c3ccc(O)cc3)c3ccc(O)cc3)C2)cc1,7.4,2,10.00;10.00,phenol:2,pkasolver+weak_acid_guard
5KE,c1cc(ccc1[C@H]2CCCC(=C(c3ccc(cc3)O)c4ccc(cc4)O)C2)O,Oc1ccc(C(=C2CCC[C@H](c3ccc(O)cc3)C2)c2ccc(O)cc2)cc1,7.4,3,10.00;10.00;10.00,phenol:3,pkasolver+weak_acid_guard
5KF,c1cc(ccc1C(=C2CCC[C@@H](C2)CCO)c3ccc(cc3)O)O,OCC[C@H]1CCCC(=C(c2ccc(O)cc2)c2ccc(O)cc2)C1,7.4,3,8.94;10.00;10.00,phenol:2,pkasolver+weak_acid_guard
5KG,c1cc(ccc1C(=C2CCC(CC2)CCO)c3ccc(cc3)O)O,OCCC1CCC(=C(c2ccc(O)cc2)c2ccc(O)cc2)CC1,7.4,3,8.92;10.00;10.00,phenol:2,pkasolver+weak_acid_guard
5OR,c1cc(ccc1c2c(n3cc(ccc3n2)O)I)O,Oc1ccc(-c2nc3ccc(O)cn3c2I)cc1,7.4,3,4.94;9.26;10.00,phenol:1,pkasolver+weak_acid_guard
5OS,c1cc(c(cc1O)Cl)c2cocc2c3ccc(cc3Cl)O,Oc1ccc(-c2cocc2-c2ccc(O)cc2Cl)c(Cl)c1,7.4,2,10.00;10.00,phenol:2,pkasolver+weak_acid_guard
5P1,c1cc(ccc1c2c(n3cc(ccc3n2)O)C(F)(F)F)O,Oc1ccc(-c2nc3ccc(O)cn3c2C(F)(F)F)cc1,7.4,3,4.79;9.24;10.00,phenol:1,pkasolver+weak_acid_guard
5VP,c1ccc(cc1)c2csc3c2c(nc(n3)Cl)NCc4ccc(cc4)O,Oc1ccc(CNc2nc(Cl)nc3scc(-c4ccccc4)c23)cc1,7.4,5,3.55;4.28;5.12;9.22;10.00,phenol:1,pkasolver+weak_acid_guard
5YR,CCCN(C)C(=O)CCCCCCCCCS[C@@H]1Cc2cc(ccc2[C@H]3[C@@H]1[C@@H]4CC[C@@H]([C@]4(CC3)C)O)O,CCC[NH+](C)C(=O)CCCCCCCCCS[C@@H]1Cc2cc(O)ccc2[C@@H]2CC[C@]3(C)[C@@H](O)CC[C@H]3[C@H]12,7.4,3,7.85;9.08;10.00,phenol:1,pkasolver+weak_acid_guard
61Z,c1ccc(cc1)c2csc3c2c(nc(n3)Cl)N4Cc5ccc(cc5C4)O,Oc1ccc2c(c1)CN(c1nc(Cl)nc3scc(-c4ccccc4)c13)C2,7.4,4,3.99;3.99;4.79;10.00,phenol:1,pkasolver+weak_acid_guard
689,C[C@H]1C=C([C@@H]2[C@@H]([C@]1(CO[C@@H]2c3ccc(cc3)O)CO)C)C,CC1=C[C@H](C)[C@]2(CO)CO[C@H](c3ccc(O)cc3)[C@H]1[C@@H]2C,7.4,2,9.21;10.00,phenol:1,pkasolver+weak_acid_guard
6WL,Cn1c2c(cccc2C(F)(F)F)c(n1)c3ccc(cc3O)O,Cn1nc(-c2ccc(O)cc2O)c2cccc(C(F)(F)F)c21,7.4,3,3.54;10.00;10.00,phenol:2,pkasolver+weak_acid_guard
6WM,C[C@]12CC[C@@H]3c4ccc(cc4CC[C@H]3[C@@H]1C[C@@H]([C@@H]2O)Cc5ccccc5)O,C[C@]12CC[C@@H]3c4ccc(O)cc4CC[C@H]3[C@@H]1C[C@H](Cc1ccccc1)[C@@H]2O,7.4,2,10.00;10.38,phenol:1,pkasolver+weak_acid_guard
6WN,C[C@]12CC[C@@H]3c4ccc(cc4CC[C@H]3[C@@H]1C/C(=C\c5ccccc5)/C2=O)O,C[C@]12CC[C@@H]3c4ccc(O)cc4CC[C@H]3[C@@H]1C/C(=C\c1ccccc1)C2=O,7.4,1,10.00,phenol:1,pkasolver+weak_acid_guard
6WP,c1ccc2c(c1)cccc2OS(=O)(=O)[C@@H]3C[C@H]4C(=C([C@@H]3O4)c5ccc(cc5)O)c6ccc(cc6)O,O=S(=O)(Oc1cccc2ccccc12)[C@@H]1C[C@@H]2O[C@H]1C(c1ccc(O)cc1)=C2c1ccc(O)cc1,7.4,2,10.00;10.00,phenol:2,pkasolver+weak_acid_guard
6WQ,c1cc(ccc1C(=C2CCc3c2ccc(c3)Br)c4ccc(cc4)O)O,Oc1ccc(C(=C2CCc3cc(Br)ccc32)c2ccc(O)cc2)cc1,7.4,2,10.00;10.00,phenol:2,pkasolver+weak_acid_guard
6WR,c1cc(c(cc1O)Cl)C2=CC[C@H]3[C@@H](C2)CC[C@@H]3O,Oc1ccc(C2=CC[C@H]3[C@H](CC[C@@H]3O)C2)c(Cl)c1,7.4,2,8.43;10.00,phenol:1,pkasolver+weak_acid_guard
6WS,c1cc(ccc1C(=C(Cl)Cl)c2ccc(cc2)Cl)Cl,ClC(Cl)=C(c1ccc(Cl)cc1)c1ccc(Cl)cc1,7.4,0,,,pkasolver:no_ionizable
6WT,c1cc(ccc1C(c2ccc(cc2)Cl)C(Cl)(Cl)Cl)Cl,Clc1ccc(C(c2ccc(Cl)cc2)C(Cl)(Cl)Cl)cc1,7.4,0,,,pkasolver:no_ionizable
6WU,C[C@]12CC=C(C[C@H]1CC[C@@H]2O)c3cc(c(cc3F)O)F,C[C@]12CC=C(c3cc(F)c(O)cc3F)C[C@H]1CC[C@@H]2O,7.4,2,8.52;10.00,phenol:1,pkasolver+weak_acid_guard
6WW,C[C@]12CC[C@@H]3c4ccc(cc4CC[C@H]3[C@@H]1CC[C@@H]2N(C)c5ccccc5)O,C[NH+](c1ccccc1)[C@H]1CC[C@H]2[C@@H]3CCc4cc(O)ccc4[C@H]3CC[C@]12C,7.4,2,8.22;10.00,phenol:1,pkasolver+weak_acid_guard
73I,c1cc(ccc1C2=C([C@H]3[C@@H](C[C@@H]2O3)S(=O)(=O)N(CC(F)(F)F)c4ccc(cc4)O)c5ccc(cc5)O)O,O=S(=O)([C@@H]1C[C@@H]2O[C@H]1C(c1ccc(O)cc1)=C2c1ccc(O)cc1)N(CC(F)(F)F)c1ccc(O)cc1,7.4,4,4.07;10.00;10.00;10.00,phenol:3,pkasolver+weak_acid_guard
77I,COc1ccc(cc1)N(CC(F)(F)F)S(=O)(=O)[C@@H]2C[C@H]3C(=C([C@@H]2O3)c4ccc(cc4)OCCCN5CCCCC5)c6ccc(cc6)O,COc1ccc(N(CC(F)(F)F)S(=O)(=O)[C@@H]2C[C@@H]3O[C@H]2C(c2ccc(OCCC[NH+]4CCCCC4)cc2)=C3c2ccc(O)cc2)cc1,7.4,3,3.73;8.31;10.00,phenol:1,pkasolver+weak_acid_guard
77W,C[C@]1(c2ccc(cc2CCN1c3ccc(cc3)F)O)c4ccc(cc4)/C=C/C(=O)O,C[C@@]1(c2ccc(/C=C/C(=O)[O-])cc2)c2ccc(O)cc2CCN1c1ccc(F)cc1,7.4,3,4.76;5.44;10.00,phenol:1,pkasolver+weak_acid_guard
782,CC(C)c1ccc(cc1)N2CCc3cc(ccc3[C@@]2(C)c4ccc(cc4)/C=C/C(=O)O)O,CC(C)c1ccc(N2CCc3cc(O)ccc3[C@@]2(C)c2ccc(/C=C/C(=O)[O-])cc2)cc1,7.4,3,4.90;5.55;10.00,phenol:1,pkasolver+weak_acid_guard
7AI,c1cc(ccc1C2=C([C@H]3[C@@H](C[C@@H]2O3)S(=O)(=O)N(CC(F)(F)F)c4ccc(cc4)OCCN5CCCCC5)c6ccc(cc6)O)O,O=S(=O)([C@@H]1C[C@@H]2O[C@H]1C(c1ccc(O)cc1)=C2c1ccc(O)cc1)N(CC(F)(F)F)c1ccc(OCC[NH+]2CCCCC2)cc1,7.4,4,3.99;7.97;10.00;10.00,phenol:2,pkasolver+weak_acid_guard
7E1,c1cc(cc(c1)Cl)OS(=O)(=O)[C@@H]2C[C@H]3C(=C([C@@H]2O3)c4ccc(cc4)C=CCCCC(=O)O)c5ccc(cc5)O,O=C([O-])CCCC=Cc1ccc(C2=C(c3ccc(O)cc3)[C@@H]3C[C@@H](S(=O)(=O)Oc4cccc(Cl)c4)[C@H]2O3)cc1,7.4,2,5.46;10.00,phenol:1,pkasolver+weak_acid_guard
7E3,c1cc(cc(c1)Cl)OS(=O)(=O)[C@@H]2C[C@H]3C(=C([C@@H]2O3)c4ccc(cc4)OCCCCC(=O)O)c5ccc(cc5)O,O=C([O-])CCCCOc1ccc(C2=C(c3ccc(O)cc3)[C@@H]3C[C@@H](S(=O)(=O)Oc4cccc(Cl)c4)[C@H]2O3)cc1,7.4,2,5.35;10.00,phenol:1,pkasolver+weak_acid_guard
7EB,CN(C)CCOc1ccc(cc1)C2=C([C@@H]3C[C@H]([C@H]2O3)S(=O)(=O)Oc4ccc(cc4)Br)c5ccc(cc5)O,C[NH+](C)CCOc1ccc(C2=C(c3ccc(O)cc3)[C@@H]3C[C@@H](S(=O)(=O)Oc4ccc(Br)cc4)[C@H]2O3)cc1,7.4,2,8.44;10.00,phenol:1,pkasolver+weak_acid_guard
7EC,c1cc(ccc1C2=C([C@H]3[C@@H](C[C@@H]2O3)S(=O)(=O)Oc4ccc(cc4)Br)c5ccc(cc5)OCCN6CCCCC6)O,O=S(=O)(Oc1ccc(Br)cc1)[C@@H]1C[C@@H]2O[C@H]1C(c1ccc(OCC[NH+]3CCCCC3)cc1)=C2c1ccc(O)cc1,7.4,2,8.36;10.00,phenol:1,pkasolver+weak_acid_guard
7ED,CC[C@H](c1ccc(cc1)O)[C@H](c2ccc(cc2)O)C(=O)OCCCCCCCCOC(=O)C(c3ccc(cc3)O)C(CC)c4ccc(cc4)O,CCC(c1ccc(O)cc1)C(C(=O)OCCCCCCCCOC(=O)[C@@H](c1ccc(O)cc1)[C@H](CC)c1ccc(O)cc1)c1ccc(O)cc1,7.4,4,10.00;10.00;10.00;10.00,phenol:4,pkasolver+weak_acid_guard
7EF,CC(=CCn1c(c2cccc(c2n1)C(F)(F)F)c3ccc(cc3O)O)C,CC(C)=CCn1nc2c(C(F)(F)F)cccc2c1-c1ccc(O)cc1O,7.4,3,4.16;10.00;10.00,phenol:2,pkasolver+weak_acid_guard
7EG,c1cc(ccc1c2ccc(c(c2c3ccc(cc3)O)/C=N/O)O)O,O/N=C/c1c(O)ccc(-c2ccc(O)cc2)c1-c1ccc(O)cc1,7.4,0,,,pkasolver:no_ionizable
7EI,COc1ccc(cc1)N(CC(F)(F)F)S(=O)(=O)[C@H]2C[C@@H]3C(=C([C@H]2O3)c4ccc(cc4)OCCN5CCCCC5)c6ccc(cc6)O,COc1ccc(N(CC(F)(F)F)S(=O)(=O)[C@H]2C[C@H]3O[C@@H]2C(c2ccc(OCC[NH+]4CCCCC4)cc2)=C3c2ccc(O)cc2)cc1,7.4,3,3.67;8.02;10.00,phenol:1,pkasolver+weak_acid_guard
7EL,c1cc(ccc1c2ccc(c(c2Cl)O)/C=N/O)O,O/N=C/c1ccc(-c2ccc(O)cc2)c(Cl)c1O,7.4,0,,,pkasolver:no_ionizable
7EM,c1cc(ccc1c2cc(sc2c3ccc(cc3)O)c4ccc(cc4)O)O,Oc1ccc(-c2cc(-c3ccc(O)cc3)c(-c3ccc(O)cc3)s2)cc1,7.4,3,10.00;10.00;10.00,phenol:3,pkasolver+weak_acid_guard
7EN,c1cc(c(cc1O)Cl)C2=C(S(=O)C=C2)c3ccc(cc3Cl)O,O=S1C=CC(c2ccc(O)cc2Cl)=C1c1ccc(O)cc1Cl,7.4,1,10.00,phenol:1,pkasolver+weak_acid_guard
7EO,c1cc(c(cc1O)Cl)C2=CC=C(S2=O)c3ccc(cc3Cl)O,O=S1C(c2ccc(O)cc2Cl)=CC=C1c1ccc(O)cc1Cl,7.4,2,10.00;10.00,phenol:2,pkasolver+weak_acid_guard
7EQ,c1cc(c(cc1O)F)C2=CC=C(S2=O)c3ccc(cc3F)O,O=S1C(c2ccc(O)cc2F)=CC=C1c1ccc(O)cc1F,7.4,2,10.00;10.00,phenol:2,pkasolver+weak_acid_guard
7ER,c1cc(c(cc1O)F)C2=CS(=O)(=O)C=C2c3ccc(cc3F)O,O=S1(=O)C=C(c2ccc(O)cc2F)C(c2ccc(O)cc2F)=C1,7.4,2,10.00;10.00,phenol:2,pkasolver+weak_acid_guard
7ES,c1cc(c(cc1O)F)c2ccsc2c3ccc(cc3F)O,Oc1ccc(-c2ccsc2-c2ccc(O)cc2F)c(F)c1,7.4,2,10.00;10.00,phenol:2,pkasolver+weak_acid_guard
7ET,c1cc(cc(c1)F)OS(=O)(=O)[C@@H]2C[C@H]3C(=C([C@@H]2O3)c4ccc(cc4)OCCN5CCCCC5)c6ccc(cc6)O,O=S(=O)(Oc1cccc(F)c1)[C@@H]1C[C@@H]2O[C@H]1C(c1ccc(OCC[NH+]3CCCCC3)cc1)=C2c1ccc(O)cc1,7.4,2,8.32;10.00,phenol:1,pkasolver+weak_acid_guard
7EV,c1cc(ccc1C2=C([C@@H]3C[C@H]([C@H]2O3)S(=O)(=O)Oc4ccc(cc4)Br)c5ccc(cc5)OCCCCC(=O)O)O,O=C([O-])CCCCOc1ccc(C2=C(c3ccc(O)cc3)[C@@H]3O[C@H]2C[C@H]3S(=O)(=O)Oc2ccc(Br)cc2)cc1,7.4,2,5.35;10.00,phenol:1,pkasolver+weak_acid_guard
7FD,CCOC(=O)C=Cc1ccc(cc1)C(=C2CCCCC2)c3ccc(cc3)O,CCOC(=O)C=Cc1ccc(C(=C2CCCCC2)c2ccc(O)cc2)cc1,7.4,1,10.00,phenol:1,pkasolver+weak_acid_guard
7FG,CCOC(=O)C=Cc1ccc(cc1)C(=C2C3CCCC2CCC3)c4ccc(cc4)O,CCOC(=O)C=Cc1ccc(C(=C2C3CCCC2CCC3)c2ccc(O)cc2)cc1,7.4,1,10.00,phenol:1,pkasolver+weak_acid_guard
7FJ,c1ccc2c(c1)CC(=C(c3ccc(cc3)O)c4ccc(cc4)O)C2,Oc1ccc(C(=C2Cc3ccccc3C2)c2ccc(O)cc2)cc1,7.4,2,10.00;10.00,phenol:2,pkasolver+weak_acid_guard
7FL,c1cc(ccc1C(=C2CCCCCC2)c3ccc(cc3)O)O,Oc1ccc(C(=C2CCCCCC2)c2ccc(O)cc2)cc1,7.4,2,10.00;10.00,phenol:2,pkasolver+weak_acid_guard
7FO,c1cc(ccc1C2=C([C@H]3[C@@H](C[C@@H]2O3)S(=O)(=O)Oc4ccc(cc4)I)c5ccc(cc5)O)O,O=S(=O)(Oc1ccc(I)cc1)[C@@H]1C[C@@H]2O[C@H]1C(c1ccc(O)cc1)=C2c1ccc(O)cc1,7.4,2,10.00;10.00,phenol:2,pkasolver+weak_acid_guard
7FP,CC(=O)Nc1ccc(cc1)OS(=O)(=O)[C@@H]2C[C@H]3C(=C([C@@H]2O3)c4ccc(cc4)O)c5ccc(cc5)O,CC(=O)Nc1ccc(OS(=O)(=O)[C@@H]2C[C@@H]3O[C@H]2C(c2ccc(O)cc2)=C3c2ccc(O)cc2)cc1,7.4,4,5.97;9.68;10.00;10.00,phenol:2,pkasolver+weak_acid_guard
7FQ,C[C@]12CC[C@@H]3c4ccc(cc4CC[C@H]3[C@@H]1C[C@@H]([C@@H]2O)Cc5ccc(cc5)OC)O,COc1ccc(C[C@H]2C[C@H]3[C@@H]4CCc5cc(O)ccc5[C@H]4CC[C@]3(C)[C@H]2O)cc1,7.4,2,10.00;10.39,phenol:1,pkasolver+weak_acid_guard
7FR,CC(C)c1ccc(cc1)/N=C\2/CC[C@@H]3[C@@]2(CC[C@H]4[C@H]3CCc5c4ccc(c5)O)C,CC(C)c1ccc(/N=C2/CC[C@H]3[C@@H]4CCc5cc(O)ccc5[C@H]4CC[C@]23C)cc1,7.4,1,10.00,phenol:1,pkasolver+weak_acid_guard
7FS,CC(C)c1ccc(cc1)N[C@H]2CC[C@@H]3[C@@]2(CC[C@H]4[C@H]3CCc5c4ccc(c5)O)C,CC(C)c1ccc([NH2+][C@H]2CC[C@H]3[C@@H]4CCc5cc(O)ccc5[C@H]4CC[C@]23C)cc1,7.4,2,7.98;10.00,phenol:1,pkasolver+weak_acid_guard
7FZ,Cc1cc(cc(c1O)C)c2ccc3c(c2)CC[C@@H]3O,Cc1cc(-c2ccc3c(c2)CC[C@@H]3O)cc(C)c1O,7.4,2,10.00;10.10,alcohol:1;phenol:1,pkasolver+weak_acid_guard
7G0,C[C@]12CC[C@@H](C[C@@H]1CC[C@@H]2O)c3ccc(cc3)O,C[C@]12CC[C@H](c3ccc(O)cc3)C[C@@H]1CC[C@@H]2O,7.4,2,9.65;10.00,phenol:1,pkasolver+weak_acid_guard
7G1,C[C@]12CC[C@@]3(CCc4c3ccc(c4)O)C[C@@H]1CC[C@@H]2O,C[C@]12CC[C@@]3(CCc4cc(O)ccc43)C[C@@H]1CC[C@@H]2O,7.4,1,9.77,,pkasolver
7G2,c1cc(c(cc1c2ccc(c(c2)F)O)/C=N/O)O,O/N=C/c1cc(-c2ccc(O)c(F)c2)ccc1O,7.4,0,,,pkasolver:no_ionizable
7G3,c1cc(ccc1c2ccc(c(c2)/C=N\O)O)O,O/N=C\c1cc(-c2ccc(O)cc2)ccc1O,7.4,0,,,pkasolver:no_ionizable
7G5,c1cc(ccc1C2=C(CS(=O)(=O)C2)c3ccc(cc3)O)O,O=S1(=O)CC(c2ccc(O)cc2)=C(c2ccc(O)cc2)C1,7.4,2,10.00;10.00,phenol:2,pkasolver+weak_acid_guard
7I0,CC/C(=C(/c1ccc(cc1)/C=C/C(=O)O)\c2ccc3c(c2)c[nH]n3)/c4ccc(cc4Cl)F,CC/C(=C(/c1ccc(/C=C/C(=O)[O-])cc1)c1ccc2n[nH]cc2c1)c1ccc(F)cc1Cl,7.4,4,3.95;5.09;5.25;8.45,,pkasolver
7I5,c1cc(ccc1/C=C/C(=O)O)N(CC(F)(F)F)S(=O)(=O)[C@@H]2C[C@H]3C(=C([C@@H]2O3)c4ccc(cc4)O)c5ccc(cc5)O,O=C([O-])/C=C/c1ccc(N(CC(F)(F)F)S(=O)(=O)[C@@H]2C[C@@H]3O[C@H]2C(c2ccc(O)cc2)=C3c2ccc(O)cc2)cc1,7.4,4,3.63;4.86;10.00;10.00,phenol:2,pkasolver+weak_acid_guard
7I9,COc1ccc(cc1)N(CC(F)(F)F)S(=O)(=O)[C@H]2C[C@@H]3C(=C([C@H]2O3)c4ccc(cc4)OCCCCN5CCCCC5)c6ccc(cc6)O,COc1ccc(N(CC(F)(F)F)S(=O)(=O)[C@H]2C[C@H]3O[C@@H]2C(c2ccc(OCCCC[NH+]4CCCCC4)cc2)=C3c2ccc(O)cc2)cc1,7.4,3,3.71;8.32;10.00,phenol:1,pkasolver+weak_acid_guard
7J9,c1cc(ccc1C2=C([C@H]3[C@@H](C[C@@H]2O3)S(=O)(=O)Oc4ccc(cc4)Br)c5ccc(cc5)OCCCCCC(=O)O)O,O=C([O-])CCCCCOc1ccc(C2=C(c3ccc(O)cc3)[C@@H]3C[C@@H](S(=O)(=O)Oc4ccc(Br)cc4)[C@H]2O3)cc1,7.4,2,5.34;10.00,phenol:1,pkasolver+weak_acid_guard
7JY,c1cc(cc(c1)Cl)OS(=O)(=O)[C@@H]2C[C@H]3C(=C([C@@H]2O3)c4ccc(cc4)OCCCCCCC(=O)O)c5ccc(cc5)O,O=C([O-])CCCCCCOc1ccc(C2=C(c3ccc(O)cc3)[C@@H]3C[C@@H](S(=O)(=O)Oc4cccc(Cl)c4)[C@H]2O3)cc1,7.4,2,5.34;10.00,phenol:1,pkasolver+weak_acid_guard
7K6,c1cc(ccc1C2=C([C@H]3[C@@H](C[C@@H]2O3)S(=O)(=O)Oc4ccc(cc4)Br)c5ccc(cc5)OCCCCCCC(=O)O)O,O=C([O-])CCCCCCOc1ccc(C2=C(c3ccc(O)cc3)[C@@H]3C[C@@H](S(=O)(=O)Oc4ccc(Br)cc4)[C@H]2O3)cc1,7.4,2,5.35;10.00,phenol:1,pkasolver+weak_acid_guard
7KL,c1cc(cc(c1)Cl)OS(=O)(=O)[C@@H]2C[C@H]3C(=C([C@@H]2O3)c4ccc(cc4)C=CC(=O)O)c5ccc(cc5)O,O=C([O-])C=Cc1ccc(C2=C(c3ccc(O)cc3)[C@@H]3C[C@@H](S(=O)(=O)Oc4cccc(Cl)c4)[C@H]2O3)cc1,7.4,2,4.84;10.00,phenol:1,pkasolver+weak_acid_guard
7M1,c1ccc(cc1)OS(=O)(=O)c2ccc(c(c2)c3ccc(cc3)O)c4ccc(cc4)O,O=S(=O)(Oc1ccccc1)c1ccc(-c2ccc(O)cc2)c(-c2ccc(O)cc2)c1,7.4,2,10.00;10.00,phenol:2,pkasolver+weak_acid_guard
7M4,c1cc(ccc1C=CCCCC(=O)O)C2=C([C@@H]3C[C@@H]([C@H]2O3)S(=O)(=O)Oc4ccc(cc4)Br)c5ccc(cc5)O,O=C([O-])CCCC=Cc1ccc(C2=C(c3ccc(O)cc3)[C@@H]3C[C@H](S(=O)(=O)Oc4ccc(Br)cc4)[C@H]2O3)cc1,7.4,2,5.47;10.00,phenol:1,pkasolver+weak_acid_guard
7M7,c1cc(ccc1c2ccc(cc2c3ccc(cc3)O)S(=O)(=O)Oc4ccc(cc4)Br)O,O=S(=O)(Oc1ccc(Br)cc1)c1ccc(-c2ccc(O)cc2)c(-c2ccc(O)cc2)c1,7.4,2,10.00;10.00,phenol:2,pkasolver+weak_acid_guard
7OI,c1ccc(cc1)COc2ccc(cc2)N(CC(F)(F)F)S(=O)(=O)[C@@H]3C[C@H]4C(=C([C@@H]3O4)c5ccc(cc5)O)c6ccc(cc6)O,O=S(=O)([C@@H]1C[C@@H]2O[C@H]1C(c1ccc(O)cc1)=C2c1ccc(O)cc1)N(CC(F)(F)F)c1ccc(OCc2ccccc2)cc1,7.4,3,3.69;10.00;10.00,phenol:2,pkasolver+weak_acid_guard
7OR,COc1ccc(cc1)N(CC(F)(F)F)S(=O)(=O)[C@@H]2C[C@H]3C(=C([C@@H]2O3)c4ccc(cc4)OCc5ccccc5)c6ccc(cc6)O,COc1ccc(N(CC(F)(F)F)S(=O)(=O)[C@@H]2C[C@@H]3O[C@H]2C(c2ccc(OCc4ccccc4)cc2)=C3c2ccc(O)cc2)cc1,7.4,2,3.36;10.00,phenol:1,pkasolver+weak_acid_guard
7Q5,COC(=O)/C=C\c1ccc(cc1)N(CC(F)(F)F)S(=O)(=O)[C@@H]2C[C@H]3C(=C([C@@H]2O3)c4ccc(cc4)O)c5ccc(cc5)O,COC(=O)/C=C\c1ccc(N(CC(F)(F)F)S(=O)(=O)[C@@H]2C[C@@H]3O[C@H]2C(c2ccc(O)cc2)=C3c2ccc(O)cc2)cc1,7.4,3,3.63;10.00;10.00,phenol:2,pkasolver+weak_acid_guard
7QN,Cc1c(ccc2c1CCN([C@@H]2c3ccc(cc3)/C=C/C(=O)O)CC(C)C)O,Cc1c(O)ccc2c1CC[NH+](CC(C)C)[C@@H]2c1ccc(/C=C/C(=O)[O-])cc1,7.4,3,5.23;7.56;10.00,phenol:1,pkasolver+weak_acid_guard
85M,C[C@H]1c2ccc(cc2O[C@H]([C@@H]1c3ccc(cc3)O)c4ccc(cc4)OCCN5CCCC5)O,C[C@H]1c2ccc(O)cc2O[C@@H](c2ccc(OCC[NH+]3CCCC3)cc2)[C@@H]1c1ccc(O)cc1,7.4,3,8.29;10.00;10.00,phenol:2,pkasolver+weak_acid_guard
85Z,Cc1cc(ccc1C2=C(c3ccc(cc3OC2=O)O)Cc4ccc(cc4)/C=C/C(=O)O)F,Cc1cc(F)ccc1-c1c(Cc2ccc(/C=C/C(=O)[O-])cc2)c2ccc(O)cc2oc1=O,7.4,2,5.07;10.00,phenol:1,pkasolver+weak_acid_guard
86V,C[C@H]1CCN(C1)CCOc2ccc(cc2)[C@H]3C(=C(c4ccc(cc4O3)O)C)c5ccc(cc5)O,CC1=C(c2ccc(O)cc2)[C@H](c2ccc(OCC[NH+]3CC[C@H](C)C3)cc2)Oc2cc(O)ccc21,7.4,3,8.37;10.00;10.00,phenol:2,pkasolver+weak_acid_guard
86Y,C[C@@H]1CCN(C1)CCOc2ccc(cc2)[C@H]3C(=C(c4ccc(cc4O3)O)C)c5ccc(cc5)O,CC1=C(c2ccc(O)cc2)[C@H](c2ccc(OCC[NH+]3CC[C@@H](C)C3)cc2)Oc2cc(O)ccc21,7.4,3,8.37;10.00;10.00,phenol:2,pkasolver+weak_acid_guard
8CQ,c1ccc(cc1)C(=O)C2=C(C(=O)N([C@@H]2c3ccc4c(c3)COC4=O)c5ccc(c(c5)C(=O)O)O)O,O=C(C1=C([O-])C(=O)N(c2ccc(O)c(C(=O)[O-])c2)[C@@H]1c1ccc2c(c1)COC2=O)c1ccccc1,7.4,4,3.06;3.18;4.85;10.00,phenol:1,pkasolver+weak_acid_guard
98L,c1ccc(cc1)c2csc3c2c(nc(n3)Cl)NCc4cccc(c4)O,Oc1cccc(CNc2nc(Cl)nc3scc(-c4ccccc4)c23)c1,7.4,5,3.54;3.91;5.12;9.18;10.00,phenol:1,pkasolver+weak_acid_guard
9XY,CC/C(=C(\c1ccc(cc1)O)/c2ccc(cc2)OCCNC)/c3ccccc3,CC/C(=C(\c1ccc(O)cc1)c1ccc(OCC[NH2+]C)cc1)c1ccccc1,7.4,2,9.58;10.00,phenol:1,pkasolver+weak_acid_guard
A1AEA,CCCN1CC(C1)Oc2ccc(cc2)[C@@H]3c4c(c5ccccc5[nH]4)C[C@H](N3CC(C)(C)F)C,CCC[NH+]1CC(Oc2ccc([C@@H]3c4[nH]c5ccccc5c4C[C@@H](C)N3CC(C)(C)F)cc2)C1,7.4,4,5.25;6.92;7.66;10.23,,pkasolver
A1AHO,COc1ccc(cc1)N(CC2CC2)S(=O)(=O)[C@@H]3C[C@H]4C(=C([C@@H]3O4)c5ccc(cc5)O)c6ccc(cc6)O,COc1ccc(N(CC2CC2)S(=O)(=O)[C@@H]2C[C@@H]3O[C@H]2C(c2ccc(O)cc2)=C3c2ccc(O)cc2)cc1,7.4,3,4.63;10.00;10.00,phenol:2,pkasolver+weak_acid_guard
A1AHS,COc1ccc2c(c1)CCCN2S(=O)(=O)[C@@H]3C[C@H]4C(=C([C@@H]3O4)c5ccc(cc5)O)c6ccc(cc6)O,COc1ccc2c(c1)CCCN2S(=O)(=O)[C@@H]1C[C@@H]2O[C@H]1C(c1ccc(O)cc1)=C2c1ccc(O)cc1,7.4,3,4.76;10.00;10.00,phenol:2,pkasolver+weak_acid_guard
A1AHU,c1ccc2c(c1)CCCN2S(=O)(=O)[C@@H]3C[C@H]4C(=C([C@@H]3O4)c5ccc(cc5)O)c6ccc(cc6)O,O=S(=O)([C@@H]1C[C@@H]2O[C@H]1C(c1ccc(O)cc1)=C2c1ccc(O)cc1)N1CCCc2ccccc21,7.4,3,4.58;10.00;10.00,phenol:2,pkasolver+weak_acid_guard
A1AHV,c1ccc2c(c1)CCN2S(=O)(=O)[C@H]3C[C@@H]4C(=C([C@H]3O4)c5ccc(cc5)O)c6ccc(cc6)O,O=S(=O)([C@H]1C[C@H]2O[C@@H]1C(c1ccc(O)cc1)=C2c1ccc(O)cc1)N1CCc2ccccc21,7.4,3,4.42;10.00;10.00,phenol:2,pkasolver+weak_acid_guard
A1AHW,COc1ccc(cc1)N(CCO)S(=O)(=O)[C@@H]2C[C@H]3C(=C([C@@H]2O3)c4ccc(cc4)O)c5ccc(cc5)O,COc1ccc(N(CCO)S(=O)(=O)[C@@H]2C[C@@H]3O[C@H]2C(c2ccc(O)cc2)=C3c2ccc(O)cc2)cc1,7.4,4,4.42;8.30;10.00;10.00,phenol:2,pkasolver+weak_acid_guard
A1AHX,CC(C)(CN(c1ccc(cc1)OC)S(=O)(=O)[C@@H]2C[C@H]3C(=C([C@@H]2O3)c4ccc(cc4)O)c5ccc(cc5)O)F,COc1ccc(N(CC(C)(C)F)S(=O)(=O)[C@@H]2C[C@@H]3O[C@H]2C(c2ccc(O)cc2)=C3c2ccc(O)cc2)cc1,7.4,3,4.38;10.00;10.00,phenol:2,pkasolver+weak_acid_guard
A1AHY,COc1ccc(cc1)N(C2CCCCC2)S(=O)(=O)[C@H]3C[C@@H]4C(=C([C@H]3O4)c5ccc(cc5)O)c6ccc(cc6)O,COc1ccc(N(C2CCCCC2)S(=O)(=O)[C@H]2C[C@H]3O[C@@H]2C(c2ccc(O)cc2)=C3c2ccc(O)cc2)cc1,7.4,3,4.73;10.00;10.00,phenol:2,pkasolver+weak_acid_guard
A1AHZ,COc1ccc(cc1)N(C2CCCCC2)S(=O)(=O)[C@@H]3C[C@H]4C(=C([C@@H]3O4)c5ccc(cc5)O)c6ccc(cc6)O,COc1ccc(N(C2CCCCC2)S(=O)(=O)[C@@H]2C[C@@H]3O[C@H]2C(c2ccc(O)cc2)=C3c2ccc(O)cc2)cc1,7.4,3,4.73;10.00;10.00,phenol:2,pkasolver+weak_acid_guard
A1AI0,c1ccc(c(c1)C2(CCCC2)CN(Cc3cccc(c3Cl)O)c4ccc(cc4)OC5CN(C5)CCCF)F,Oc1cccc(CN(CC2(c3ccccc3F)CCCC2)c2ccc(OC3C[NH+](CCCF)C3)cc2)c1Cl,7.4,3,5.62;7.79;10.00,phenol:1,pkasolver+weak_acid_guard
A1AIZ,c1cc(ccc1c2c(c3ccc(cc3s2)O)Oc4ccc(cc4)OCCCCNC(=O)C5CCC(CC5)C(F)(F)F)O,O=C(NCCCCOc1ccc(Oc2c(-c3ccc(O)cc3)sc3cc(O)ccc23)cc1)C1CCC(C(F)(F)F)CC1,7.4,4,7.21;8.72;10.00;10.00,phenol:2,pkasolver+weak_acid_guard
A1AQV,[C@]12([C@@]3(C4([C@]5(C3(C(C1([C@]5(C2(C4(O)O)Cl)Cl)Cl)(Cl)Cl)Cl)Cl)Cl)Cl)Cl,OC1(O)C2(Cl)[C@@]3(Cl)C4(Cl)C(Cl)(Cl)C5(Cl)[C@](Cl)(C1(Cl)[C@]53Cl)[C@]24Cl,7.4,1,7.57,,pkasolver
A1ASN,CCCN1CC(C1)COc2ccc(cc2)[C@@H]3c4ccc(cc4CC5(N3C(=O)c6ccccc6)CC5)O,CCC[NH+]1CC(COc2ccc([C@@H]3c4ccc(O)cc4CC4(CC4)N3C(=O)c3ccccc3)cc2)C1,7.4,3,5.58;9.19;10.00,phenol:1,pkasolver+weak_acid_guard
A1BV9,c1ccc(cc1)C(=O)N2[C@@H](c3ccc(cc3CC24CC4)O)c5ccc(cc5)OC[C@@H]6CN(C=C6)CCCF,O=C(c1ccccc1)N1[C@H](c2ccc(OC[C@H]3C=C[NH+](CCCF)C3)cc2)c2ccc(O)cc2CC12CC2,7.4,3,5.48;8.52;10.00,phenol:1,pkasolver+weak_acid_guard
A1ET8,C[C@H]1CCC[C@@H](CC[C@@H](/C=C/c2cc(cc(c2C(=O)O1)O)O)O)O,C[C@H]1CCC[C@H](O)CC[C@H](O)/C=C/c2cc(O)cc(O)c2C(=O)O1,7.4,4,7.43;7.45;10.00;10.00,phenol:2,pkasolver+weak_acid_guard
A1ET9,C[C@H]1C[C@H](CC(=O)CCC/C=C/c2cc(cc(c2C(=O)O1)O)O)O,C[C@H]1C[C@@H](O)CC(=O)CCC/C=C/c2cc(O)cc(O)c2C(=O)O1,7.4,3,7.45;10.00;10.00,phenol:2,pkasolver+weak_acid_guard
A1I00,Cc1cccc(c1Nc2c(nc3n2cccc3)c4ccc(cc4)NC(=O)CCl)F,Cc1cccc(F)c1Nc1c(-c2ccc(NC(=O)CCl)cc2)nc2ccccn12,7.4,5,3.93;5.38;5.57;8.98;9.48,,pkasolver
A1I01,Cc1cccc(c1Nc2c(nc3n2cccc3)c4ccc(cc4)NC(=O)CCl)Cl,Cc1cccc(Cl)c1Nc1c(-c2ccc(NC(=O)CCl)cc2)nc2ccccn12,7.4,5,3.84;5.30;5.46;8.93;9.43,,pkasolver
A1I02,Cc1cc(cc(c1Nc2c(nc3n2cccc3)c4ccc(cc4)NC(=O)CCl)C)O,Cc1cc(O)cc(C)c1Nc1c(-c2ccc(NC(=O)CCl)cc2)nc2ccccn12,7.4,6,4.21;5.62;6.18;9.53;10.00;10.06,phenol:1,pkasolver+weak_acid_guard
A1I0P,Cc1ccc2nc(c(n2c1)Nc3c(cccc3Cl)C)c4ccc(cc4)NC(=O)CCl,Cc1ccc2nc(-c3ccc(NC(=O)CCl)cc3)c(Nc3c(C)cccc3Cl)n2c1,7.4,5,4.11;5.41;5.64;9.15;10.11,,pkasolver
A1I0Q,Cc1cccc(c1Nc2c(nc3n2cccc3)c4ccc(cc4)CNC(=O)CCl)Cl,Cc1cccc(Cl)c1Nc1c(-c2ccc(CNC(=O)CCl)cc2)nc2ccccn12,7.4,5,4.04;5.29;5.88;8.86;10.00,,pkasolver
A1I0R,Cc1cccc(c1Nc2c(nc3n2cccc3)C4CCC(CC4)NC(=O)CCl)Cl,Cc1cccc(Cl)c1Nc1c(C2CCC([NH2+]C(=O)CCl)CC2)nc2ccccn12,7.4,5,4.44;5.42;7.95;8.85;9.21,,pkasolver
A1I0S,Cc1cccc(c1Nc2c(nc3n2cccc3)c4ccc(cc4F)NC(=O)CCl)C,Cc1cccc(C)c1Nc1c(-c2ccc(NC(=O)CCl)cc2F)nc2ccccn12,7.4,5,3.99;5.37;5.78;8.98;9.71,,pkasolver
A1I0T,Cc1ccc2nc(c(n2c1)Nc3c(cccc3C)C)c4ccc(cc4F)NC(=O)CCl,Cc1ccc2nc(-c3ccc(NC(=O)CCl)cc3F)c(Nc3c(C)cccc3C)n2c1,7.4,5,4.40;5.01;6.06;9.25;9.86,,pkasolver
A1I0U,Cc1cccc(c1Nc2c(nc3n2cc(cc3)Cl)c4ccc(cc4F)NC(=O)CCl)C,Cc1cccc(C)c1Nc1c(-c2ccc(NC(=O)CCl)cc2F)nc2ccc(Cl)cn12,7.4,5,3.93;5.32;5.70;9.03;9.60,,pkasolver
A1I0V,c1ccc(cc1)CNc2c(nc3n2cccc3)c4ccc(cc4)NC(=O)CCl,O=C(CCl)Nc1ccc(-c2nc3ccccn3c2NCc2ccccc2)cc1,7.4,5,3.71;4.75;5.94;9.23;10.18,,pkasolver
A1I0W,c1ccc(c(c1)CNc2c(nc3n2cccc3)c4ccc(cc4)NC(=O)CCl)F,O=C(CCl)Nc1ccc(-c2nc3ccccn3c2NCc2ccccc2F)cc1,7.4,5,3.69;4.67;5.83;9.08;9.95,,pkasolver
A1I0X,Cc1cccc(c1Nc2c(nc3n2cccc3)c4ccc(cc4)NC(=O)CCl)C,Cc1cccc(C)c1Nc1c(-c2ccc(NC(=O)CCl)cc2)nc2ccccn12,7.4,5,3.91;5.36;5.76;9.35;9.94,,pkasolver
A1I0Y,Cc1cccc(c1Nc2c(nc3n2cccc3)c4ccc(cc4)NC(=O)CCl)OC,COc1cccc(C)c1Nc1c(-c2ccc(NC(=O)CCl)cc2)nc2ccccn12,7.4,5,3.99;5.45;5.87;9.34;9.88,,pkasolver
A1I0Z,c1ccc(cc1)Nc2c(nc3n2cccc3)c4ccc(cc4)NC(=O)CCl,O=C(CCl)Nc1ccc(-c2nc3ccccn3c2Nc2ccccc2)cc1,7.4,5,3.79;4.38;5.53;9.27;10.09,,pkasolver
A1JQT,Cc1c(scn1)c2ccc(cc2)CNC(=O)[C@@H]3C[C@H](CN3C(=O)[C@H](C(C)(C)C)NC(=O)CCCCCCCCCCCC(=O)NC[C@@H](C)C4=C5[C@H]([C@@H]([C@@H]([C@@H]\6CC[C@@H](/C6=C/[C@]5([C@H](C4)O)C)COC)C)O)O[C@@H]7[C@@H]([C@H]([C@@H]([C@H](O7)COC(C)(C)C=C)O)O)O)O,C=CC(C)(C)OC[C@H]1O[C@H](O[C@@H]2C3=C([C@H](C)CNC(=O)CCCCCCCCCCCC(=O)[NH2+][C@H](C(=O)[NH+]4C[C@H](O)C[C@H]4C(=O)NCc4ccc(-c5scnc5C)cc4)C(C)(C)C)C[C@H](O)[C@]3(C)/C=C3/[C@@H](COC)CC[C@H]3[C@@H](C)[C@H]2O)[C@H](O)[C@@H](O)[C@@H]1O,7.4,13,6.50;7.20;7.40;7.47;8.20;8.39;8.41;8.43;8.49;8.53;8.66;8.71;9.04,,pkasolver
A48,B(c1c(cc(cc1C)C)C)(c2c(cc(cc2C)C)C)N(CC(F)(F)F)c3ccc(cc3)O,Cc1cc(C)c(B(c2c(C)cc(C)cc2C)N(CC(F)(F)F)c2ccc(O)cc2)c(C)c1,7.4,2,4.12;10.00,phenol:1,pkasolver+weak_acid_guard
AEJ,c1ccc(cc1)[N@@]2CCc3cc(ccc3[C@H]2c4ccc(cc4)[N@]5CC[N@@]6CCCC[C@H]6C5)O,Oc1ccc2c(c1)CCN(c1ccccc1)[C@@H]2c1ccc(N2CC[NH+]3CCCC[C@H]3C2)cc1,7.4,4,5.41;7.16;9.20;10.00,phenol:1,pkasolver+weak_acid_guard
AIH,C[C@H]1CN(C[C@@H]1C)CCOc2ccc(cc2)[C@H]3[C@H](Sc4cc(ccc4O3)O)c5ccc(cc5)O,C[C@H]1C[NH+](CCOc2ccc([C@@H]3Oc4ccc(O)cc4S[C@@H]3c3ccc(O)cc3)cc2)C[C@@H]1C,7.4,3,8.38;10.00;10.00,phenol:2,pkasolver+weak_acid_guard
AIJ,C[C@@H](COc1ccc(cc1)[C@H]2[C@H](Sc3cc(ccc3O2)O)c4ccc(cc4)O)N5CCCC5,C[C@@H](COc1ccc([C@@H]2Oc3ccc(O)cc3S[C@@H]2c2ccc(O)cc2)cc1)[NH+]1CCCC1,7.4,3,8.54;10.00;10.00,phenol:2,pkasolver+weak_acid_guard
AIT,C[C@H](COc1ccc(cc1)[C@H]2[C@H](Sc3cc(ccc3O2)O)c4ccc(cc4)O)N5CCCC5,C[C@H](COc1ccc([C@@H]2Oc3ccc(O)cc3S[C@@H]2c2ccc(O)cc2)cc1)[NH+]1CCCC1,7.4,3,8.54;10.00;10.00,phenol:2,pkasolver+weak_acid_guard
AIU,C[C@@H]1CN(C[C@H]1C)CCOc2ccc(cc2)[C@H]3[C@H](Sc4cc(ccc4O3)O)c5ccc(cc5)O,C[C@@H]1C[NH+](CCOc2ccc([C@@H]3Oc4ccc(O)cc4S[C@@H]3c3ccc(O)cc3)cc2)C[C@H]1C,7.4,3,8.38;10.00;10.00,phenol:2,pkasolver+weak_acid_guard
AU,[Au+],[Au+],7.4,0,,,pkasolver:no_ionizable
B81,C[C@]12CC[C@H]3[C@H]([C@@H]1CC[C@@H]2O)CC=C4[C@@]3(CC[C@@H](C4)O)C,C[C@]12CC[C@H]3[C@@H](CC=C4C[C@@H](O)CC[C@@]43C)[C@@H]1CC[C@@H]2O,7.4,2,9.01;9.22,,pkasolver
BCT,C(=O)(O)[O-],O=C([O-])[O-],7.4,2,3.52;4.19,,pkasolver
C8L,C1N2C3C4N(C2=O)CN5C6C7N(C5=O)CN8C9C2N(C8=O)CN5C8C%10N(C5=O)CN5C%11C%12N(C5=O)CN5C%13C%14N(C5=O)CN5C%15C%16N(C5=O)CN5C%17C(N1C5=O)N1CN3C(=O)N4CN6C(=O)N7CN9C(=O)N2CN8C(=O)N%10CN%11C(=O)N%12CN%13C(=O)N%14CN%15C(=O)N%16CN%17C1=O,O=C1N2C[NH+]3C(=O)[NH+]4C[NH+]5C(=O)[NH+]6C[NH+]7C(=O)[NH+]8C[NH+]9C(=O)[NH+]%10C[NH+]%11C(=O)[NH+]%12C[NH+]%13C(=O)[NH+]%14C[NH+]%15C(=O)[NH+]%16C[NH+]1C1C2[NH+]2C[NH+]%17C(=O)[NH+](C[NH+]%18C(=O)[NH+](C[NH+]%19C(=O)[NH+](C[NH+]%20C(=O)[NH+](C[NH+]%21C(=O)[NH+](C[NH+]%22C(=O)[NH+](C[NH+]%23C(=O)[NH+](C[NH+]1C2=O)C%16C%15%23)C%14C%13%22)C%12C%11%21)C%10C9%20)C8C7%19)C6C5%18)C4C3%17,7.4,1,6.31,,pkasolver
CM3,C[C@@H]1c2c(ccc(c2F)O)O[C@H]([C@H]1c3ccc(cc3)O)c4ccc(cc4)OCCN5CCCCC5,C[C@@H]1c2c(ccc(O)c2F)O[C@@H](c2ccc(OCC[NH+]3CCCCC3)cc2)[C@H]1c1ccc(O)cc1,7.4,3,7.64;10.00;10.00,phenol:2,pkasolver+weak_acid_guard
CM4,C[C@@H]1c2cc(ccc2O[C@H]([C@H]1c3ccc(cc3)O)c4ccc(cc4)OCCN5CCCC5)O,C[C@@H]1c2cc(O)ccc2O[C@@H](c2ccc(OCC[NH+]3CCCC3)cc2)[C@H]1c1ccc(O)cc1,7.4,3,8.34;10.00;10.00,phenol:2,pkasolver+weak_acid_guard
CUE,c1cc2c(cc1O)oc-3c2C(=O)Oc4c3ccc(c4)O,O=c1oc2cc(O)ccc2c2oc3cc(O)ccc3c12,7.4,2,10.00;10.00,phenol:2,pkasolver+weak_acid_guard
CYS,C([C@@H](C(=O)O)N)S,[NH3+][C@@H](CS)C(=O)[O-],7.4,3,3.10;5.47;9.32,,pkasolver
DC8,c1cc(ccc1[C@H]2[C@H]3CC(C[C@H]3c4cc(ccc4O2)O)(F)F)O,Oc1ccc([C@@H]2Oc3ccc(O)cc3[C@@H]3CC(F)(F)C[C@@H]32)cc1,7.4,2,10.00;10.00,phenol:2,pkasolver+weak_acid_guard
DRQ,CC/C=C\c1cc2c(cc1O)CC[C@@H]3[C@@H]2CC[C@]4([C@H]3CC[C@@H]4O)C,CC/C=C\c1cc2c(cc1O)CC[C@@H]1[C@@H]2CC[C@]2(C)[C@@H](O)CC[C@@H]12,7.4,2,9.80;10.00,phenol:1,pkasolver+weak_acid_guard
E4D,c1cc(ccc1[C@@H]2[C@@H](Oc3ccc(cc3S2)O)c4ccc(cc4)OCCN5CCCCC5)O,Oc1ccc([C@H]2Sc3cc(O)ccc3O[C@H]2c2ccc(OCC[NH+]3CCCCC3)cc2)cc1,7.4,3,8.26;10.00;10.00,phenol:2,pkasolver+weak_acid_guard
EED,C[C@]12C[C@@H]([C@@H]3c4ccc(cc4CC[C@H]3[C@@H]1CC[C@@H]2O)O)COC,COC[C@H]1C[C@]2(C)[C@@H](O)CC[C@H]2[C@@H]2CCc3cc(O)ccc3[C@@H]12,7.4,1,9.81,,pkasolver
EES,c1cc(ccc1n2c(c3cc(ccc3n2)O)Cl)O,Oc1ccc(-n2nc3ccc(O)cc3c2Cl)cc1,7.4,3,4.58;10.00;10.00,phenol:2,pkasolver+weak_acid_guard
EEU,C[C@]12CC[C@@H]3c4ccc(cc4CC[C@H]3[C@@H]1CC[C@]2(C#Cc5cc(nc(c5)CN(CC(=O)O)CC(=O)O)CN(CC(=O)O)CC(=O)O)O)O,C[C@]12CC[C@@H]3c4ccc(O)cc4CC[C@H]3[C@@H]1CC[C@@]2(O)C#Cc1cc(CN(CC(=O)[O-])CC(=O)[O-])nc(C[NH+](CC(=O)[O-])CC(=O)[O-])c1,7.4,8,3.20;3.52;4.26;5.71;5.84;7.33;8.42;10.00,phenol:1,pkasolver+weak_acid_guard
EI1,CCc1c2cc(ccc2nn1c3ccc(cc3)O)O,CCc1c2cc(O)ccc2nn1-c1ccc(O)cc1,7.4,3,5.54;10.00;10.00,phenol:2,pkasolver+weak_acid_guard
EMY,c1ccc(cc1)CC(=O)Sc2cc(nc(n2)Cl)NCc3ccc(cc3)O,O=C(Cc1ccccc1)Sc1cc(NCc2ccc(O)cc2)nc(Cl)n1,7.4,5,3.81;4.07;4.76;9.04;10.00,phenol:1,pkasolver+weak_acid_guard
ESE,C[C@]12CC[C@H](C[C@H]1CC[C@@H]2O)c3ccc(cc3)O,C[C@]12CC[C@@H](c3ccc(O)cc3)C[C@H]1CC[C@@H]2O,7.4,2,9.65;10.00,phenol:1,pkasolver+weak_acid_guard
ESL,C[C@]12CC[C@@H]3c4ccc(cc4CC[C@H]3[C@@H]1C[C@H]([C@@H]2O)O)O,C[C@]12CC[C@@H]3c4ccc(O)cc4CC[C@H]3[C@@H]1C[C@@H](O)[C@@H]2O,7.4,2,10.04;10.10,,pkasolver
ETC,CC[C@@H]1Cc2cc(ccc2C3=C1c4ccc(cc4C[C@H]3CC)O)O,CC[C@@H]1Cc2cc(O)ccc2C2=C1c1ccc(O)cc1C[C@H]2CC,7.4,2,10.00;10.00,phenol:2,pkasolver+weak_acid_guard
EU,[Eu+2],[Eu+2],7.4,0,,,pkasolver:no_ionizable
EZ5,C[C@@H]1[C@@H]\2CC[C@@H](/C2=C/[C@]3([C@H](CC(=C3[C@H]([C@@H]1O)O[C@@H]4[C@@H]([C@H]([C@@H]([C@H](O4)COC(C)(C)C=C)O)O)O)[C@H](C)CNC(=O)C)O)C)COC,C=CC(C)(C)OC[C@H]1O[C@H](O[C@@H]2C3=C([C@H](C)CNC(C)=O)C[C@H](O)[C@]3(C)/C=C3/[C@@H](COC)CC[C@H]3[C@@H](C)[C@H]2O)[C@H](O)[C@@H](O)[C@@H]1O,7.4,6,7.33;8.64;8.64;8.70;8.78;8.91,,pkasolver
EZT,C[C@]12CC[C@@H]3c4ccc(cc4CC[C@H]3[C@@H]1CC[C@]2(\C=C\c5ccccc5C(F)(F)F)O)O,C[C@]12CC[C@@H]3c4ccc(O)cc4CC[C@H]3[C@@H]1CC[C@@]2(O)/C=C/c1ccccc1C(F)(F)F,7.4,2,10.00;10.02,phenol:1,pkasolver+weak_acid_guard
FC7,C[C@@H]1[C@@H]2CC[C@@H](C2=C[C@]3([C@@H]4[C@@H](CCO4)C(=C3[C@H]([C@@H]1O)O[C@@H]5[C@@H]([C@H]([C@H]6[C@H](O5)COC(O6)(C)C)O)O)C(C)C)C)COC,COC[C@H]1CC[C@@H]2C1=C[C@]1(C)C(=C(C(C)C)[C@@H]3CCO[C@@H]31)[C@@H](O[C@H]1O[C@@H]3COC(C)(C)O[C@H]3[C@H](O)[C@H]1O)[C@H](O)[C@@H]2C,7.4,2,8.79;8.79,,pkasolver
FNJ,CC[C@@H](c1ccc(cc1)O)[C@H](c2ccccc2)c3ccc(cc3)O,CC[C@@H](c1ccc(O)cc1)[C@H](c1ccccc1)c1ccc(O)cc1,7.4,2,10.00;10.00,phenol:2,pkasolver+weak_acid_guard
FSV,c1cc(c(cc1/C=C/c2cc(cc(c2)O)O)F)O,Oc1cc(O)cc(/C=C/c2ccc(O)c(F)c2)c1,7.4,3,10.00;10.00;10.00,phenol:3,pkasolver+weak_acid_guard
FYS,CC[C@@H](c1ccc(cc1)O)C(c2ccc(cc2)O)c3ccc(cc3)O,CC[C@@H](c1ccc(O)cc1)C(c1ccc(O)cc1)c1ccc(O)cc1,7.4,3,10.00;10.00;10.00,phenol:3,pkasolver+weak_acid_guard
G4Z,CC(C)([C@H](N(C)CCS)O)Oc1ccc(cc1)Cl,C[NH+](CCS)[C@H](O)C(C)(C)Oc1ccc(Cl)cc1,7.4,4,7.17;7.74;9.10;9.35,,pkasolver
G8Q,CC(C)(C)O[C@H](N(C)[C@@H](c1ccccc1)[C@H](NCCS)O)O,C[NH+]([C@H](O)OC(C)(C)C)[C@@H](c1ccccc1)[C@@H](O)[NH2+]CCS,7.4,5,6.88;7.34;8.60;9.18;9.44,,pkasolver
G8T,CC(c1ccccc1)(c2ccccc2)[C@@H](NCCS)O,CC(c1ccccc1)(c1ccccc1)[C@H](O)[NH2+]CC[SH2+],7.4,4,7.67;8.02;9.12;9.35,,pkasolver
G8Y,c1cc(ccc1[C@@H]2C3=C(CCOc4c3ccc(c4)O)c5ccc(cc5O2)O)OCCN6CC(C6)CF,Oc1ccc2c(c1)O[C@H](c1ccc(OCC[NH+]3CC(CF)C3)cc1)C1=C2CCOc2cc(O)ccc21,7.4,3,7.77;10.00;10.00,phenol:2,pkasolver+weak_acid_guard
G91,c1cc(ccc1[C@H]2C3=C(CCOc4c3ccc(c4)O)c5ccc(cc5O2)O)OCCN6CC(C6)CF,Oc1ccc2c(c1)O[C@@H](c1ccc(OCC[NH+]3CC(CF)C3)cc1)C1=C2CCOc2cc(O)ccc21,7.4,3,7.77;10.00;10.00,phenol:2,pkasolver+weak_acid_guard
GE8,CC(C)(C(=O)NCCCS)Oc1ccc(cc1)Cl,CC(C)(Oc1ccc(Cl)cc1)C(=O)NCCCS,7.4,3,4.27;7.21;9.54,,pkasolver
GQD,C[C@@H]1Cc2cc(ccc2[C@H](N1CC(C)C)c3ccc(cc3)/C=C/C(=O)O)O,CC(C)C[NH+]1[C@H](c2ccc(/C=C/C(=O)[O-])cc2)c2ccc(O)cc2C[C@H]1C,7.4,3,5.01;7.61;10.00,phenol:1,pkasolver+weak_acid_guard
GZI,Cc1c(c(cnc1OCCNCCCF)F)[C@@H]2c3c(c4ccccc4[nH]3)C[C@H](N2C[C@@H](C)C(=O)O)C,Cc1c(OCC[NH2+]CCCF)ncc(F)c1[C@@H]1c2[nH]c3ccccc3c2C[C@@H](C)N1C[C@@H](C)C(=O)[O-],7.4,6,3.63;5.28;5.40;7.00;8.05;9.73,,pkasolver
H09,Cc1c(ccc(c1[C@@H]2c3c(c4ccccc4[nH]3)C[C@H](N2CC(CO)(F)F)C)F)OCCNCCCF,Cc1c(OCC[NH2+]CCCF)ccc(F)c1[C@@H]1c2[nH]c3ccccc3c2C[C@@H](C)N1CC(F)(F)CO,7.4,5,4.70;5.13;7.83;8.04;9.72,,pkasolver
H8W,CC(C)CN1CCc2c(ccc3c2cn[nH]3)[C@H]1c4ccc(cc4)CCC(=O)O,CC(C)C[NH+]1CCc2c(ccc3[nH]ncc23)[C@H]1c1ccc(CCC(=O)[O-])cc1,7.4,5,4.53;4.72;5.41;8.03;10.34,,pkasolver
HIS,c1c([nH+]c[nH]1)C[C@@H](C(=O)O)N,[NH3+][C@@H](Cc1c[nH]cn1)C(=O)[O-],7.4,5,3.53;4.91;6.34;8.18;9.25,,pkasolver
HZ3,COC(=O)C1=C([C@@H]2C(=C([C@H]1O2)c3ccc(cc3)O)c4ccc(cc4)O)C(=O)OC,COC(=O)C1=C(C(=O)OC)[C@@H]2O[C@H]1C(c1ccc(O)cc1)=C2c1ccc(O)cc1,7.4,2,10.00;10.00,phenol:2,pkasolver+weak_acid_guard
I0G,c1cc(ccc1[C@H]2[C@H]3CCC[C@H]3c4cc(ccc4O2)O)O,Oc1ccc([C@@H]2Oc3ccc(O)cc3[C@@H]3CCC[C@@H]32)cc1,7.4,2,10.00;10.00,phenol:2,pkasolver+weak_acid_guard
I0V,CCNCCc1ccc(cc1)CN(CC)c2cc(ccc2[C@@H]3CCc4cc(ccc4C3)O)OC,CC[NH2+]CCc1ccc(C[NH+](CC)c2cc(OC)ccc2[C@@H]2CCc3cc(O)ccc3C2)cc1,7.4,2,7.79;10.07,,pkasolver
IAT,c1cc(ccc1C2=C([C@H]3[C@@H](C[C@@H]2O3)S(=O)(=O)Oc4ccc(cc4)n5cncn5)c6ccc(cc6)O)O,O=S(=O)(Oc1ccc(-n2cncn2)cc1)[C@@H]1C[C@@H]2O[C@H]1C(c1ccc(O)cc1)=C2c1ccc(O)cc1,7.4,4,4.79;4.86;10.00;10.00,phenol:2,pkasolver+weak_acid_guard
IC7,c1cc(ccc1C2=C([C@@H]3C[C@H]([C@H]2O3)S(=O)(=O)Oc4ccc(cc4)C(F)(F)F)c5ccc(cc5)O)n6cncn6,O=S(=O)(Oc1ccc(C(F)(F)F)cc1)[C@@H]1C[C@@H]2O[C@H]1C(c1ccc(-n3cncn3)cc1)=C2c1ccc(O)cc1,7.4,3,4.05;4.26;10.00,phenol:1,pkasolver+weak_acid_guard
IOG,C[C@H](CCc1ccc(cc1)O)NC(=O)Cc2c3ccc(cc3[nH]c2c4ccccc4)OCCN5CCCCC5,C[C@H](CCc1ccc(O)cc1)[NH2+]C(=O)Cc1c(-c2ccccc2)[nH]c2cc(OCC[NH+]3CCCCC3)ccc12,7.4,6,6.48;7.75;8.57;9.74;10.00;10.36,phenol:1,pkasolver+weak_acid_guard
IOK,C[C@H](CCc1ccc(cc1)O)NC(=O)Cc2c3ccccc3[nH]c2c4ccccc4,C[C@H](CCc1ccc(O)cc1)NC(=O)Cc1c(-c2ccccc2)[nH]c2ccccc12,7.4,5,6.05;7.19;9.72;10.00;10.51,phenol:1,pkasolver+weak_acid_guard
IX0,CC(=CC(=O)Nc1ccc(cc1)C2=C([C@@H]3C[C@H]([C@H]2O3)S(=O)(=O)N(CC(F)(F)F)c4ccc(cc4)O)c5ccc(cc5)O)C,CC(C)=CC(=O)Nc1ccc(C2=C(c3ccc(O)cc3)[C@@H]3C[C@@H](S(=O)(=O)N(CC(F)(F)F)c4ccc(O)cc4)[C@H]2O3)cc1,7.4,5,3.68;5.53;9.28;10.00;10.00,phenol:2,pkasolver+weak_acid_guard
J0W,CC(C)CN1CCc2cc(ccc2[C@@]1(C)c3ccc(cc3)/C=C/C(=O)O)O,CC(C)C[NH+]1CCc2cc(O)ccc2[C@@]1(C)c1ccc(/C=C/C(=O)[O-])cc1,7.4,3,4.87;7.61;10.00,phenol:1,pkasolver+weak_acid_guard
J2Z,C[C@]12CC[C@@H]3c4ccc(cc4CC[C@H]3[C@@H]1C[C@H](C2=O)O)O,C[C@]12CC[C@@H]3c4ccc(O)cc4CC[C@H]3[C@@H]1C[C@@H](O)C2=O,7.4,2,9.23;10.00,phenol:1,pkasolver+weak_acid_guard
J3Z,C[C@]12CC[C@@H]3c4ccc(cc4CC[C@H]3[C@@H]1CCC2=O)O,C[C@]12CC[C@@H]3c4ccc(O)cc4CC[C@H]3[C@@H]1CCC2=O,7.4,1,10.00,phenol:1,pkasolver+weak_acid_guard
JJ3,COCc1cc(cc2c1O[C@H]([C@@H]3[C@H]2CCC3)c4ccc(cc4)O)O,COCc1cc(O)cc2c1O[C@@H](c1ccc(O)cc1)[C@H]1CCC[C@@H]21,7.4,2,10.00;10.00,phenol:2,pkasolver+weak_acid_guard
KE9,C[C@@H]1Cc2c3ccccc3[nH]c2[C@H](N1CC(C)(C)F)c4c(cc(cc4F)/C=C/C(=O)O)F,C[C@@H]1Cc2c([nH]c3ccccc23)[C@@H](c2c(F)cc(/C=C/C(=O)[O-])cc2F)N1CC(C)(C)F,7.4,4,4.01;4.46;5.55;8.76,,pkasolver
KM8,[H]/N=C(\c1cc(cs1)c2cccc(c2)NC(=O)CC)/N,[H]/[NH+]=C(/N)c1cc(-c2cccc(NC(=O)CC)c2)cs1,7.4,3,5.11;8.01;10.01,,pkasolver
KN0,c1ccc(cc1)Cn2c3c(cccc3C(F)(F)F)c(n2)c4ccc(cc4O)O,Oc1ccc(-c2nn(Cc3ccccc3)c3c(C(F)(F)F)cccc23)c(O)c1,7.4,3,3.70;10.00;10.00,phenol:2,pkasolver+weak_acid_guard
KN2,c1cc2c(cc1O)[nH]nc2c3ccc(cc3O)O,Oc1ccc(-c2n[nH]c3cc(O)ccc23)c(O)c1,7.4,6,5.26;6.25;10.00;10.00;10.00;10.51,phenol:3,pkasolver+weak_acid_guard
L1T,[H]/N=C(\c1cc(c(s1)c2ccccc2)C)/N,[H]/N=C(/N)c1cc(C)c(-c2ccccc2)s1,7.4,1,7.32,,pkasolver
L4G,CS(=O)(=O)c1ccc(cc1)c2ccc3cc(ccc3c2Oc4ccc(cc4)OCCN5CCCCC5)O,CS(=O)(=O)c1ccc(-c2ccc3cc(O)ccc3c2Oc2ccc(OCC[NH+]3CCCCC3)cc2)cc1,7.4,2,8.45;10.00,phenol:1,pkasolver+weak_acid_guard
L5B,c1cc(ccc1C2=C(CCCc3c2ccc(c3)C(=O)O)c4ccc(cc4Cl)Cl)O[C@H]5CCN(C5)CCCF,O=C([O-])c1ccc2c(c1)CCCC(c1ccc(Cl)cc1Cl)=C2c1ccc(O[C@H]2CCN(CCCF)C2)cc1,7.4,2,5.04;5.63,,pkasolver
L84,c1cc(ccc1C2=C([C@H]3[C@@H](C[C@@H]2O3)S(=O)(=O)N(CC(F)(F)F)c4ccc(cc4)OCCCN5CCCCC5)c6ccc(cc6)O)O,O=S(=O)([C@@H]1C[C@@H]2O[C@H]1C(c1ccc(O)cc1)=C2c1ccc(O)cc1)N(CC(F)(F)F)c1ccc(OCCC[NH+]2CCCCC2)cc1,7.4,4,4.06;8.25;10.00;10.00,phenol:2,pkasolver+weak_acid_guard
LLB,CC1CCN(CC1)CCOc2ccc(cc2)C(=O)c3c4ccc(cc4sc3c5ccc(cc5)O)O,CC1CC[NH+](CCOc2ccc(C(=O)c3c(-c4ccc(O)cc4)sc4cc(O)ccc34)cc2)CC1,7.4,3,7.94;10.00;10.00,phenol:2,pkasolver+weak_acid_guard
LLC,c1cc(ccc1c2c(c3ccc(cc3s2)O)C(=O)c4ccc(cc4)OCCN5CCCC5)O,O=C(c1ccc(OCC[NH+]2CCCC2)cc1)c1c(-c2ccc(O)cc2)sc2cc(O)ccc12,7.4,3,7.70;10.00;10.00,phenol:2,pkasolver+weak_acid_guard
LRQ,CC(C)(CN1[C@@H]2CCC[C@]1(c3c(c4ccccc4[nH]3)C2)c5c(cc(cc5F)/C=C/C(=O)O)F)F,CC(C)(F)CN1[C@@H]2CCC[C@@]1(c1c(F)cc(/C=C/C(=O)[O-])cc1F)c1[nH]c3ccccc3c1C2,7.4,4,4.21;5.01;6.33;8.78,,pkasolver
LVH,C[C@@H]1Cc2c3ccccc3[nH]c2[C@@](N1CC(C)(C)F)(C)c4c(cc(cc4F)/C=C/C(=O)O)F,C[C@@H]1Cc2c([nH]c3ccccc23)[C@@](C)(c2c(F)cc(/C=C/C(=O)[O-])cc2F)N1CC(C)(C)F,7.4,4,3.97;4.64;5.98;8.58,,pkasolver
LYQ,c1cc(c(cc1O)Cl)[C@@H]2[C@@H]3CCC[C@@H]3c4cc(ccc4N2)S(=O)(=O)N,NS(=O)(=O)c1ccc2c(c1)[C@H]1CCC[C@H]1[C@@H](c1ccc(O)cc1Cl)N2,7.4,4,6.61;7.22;8.66;10.00,phenol:1,pkasolver+weak_acid_guard
M79,CC(C)(C(=O)N1CCC(CC1)CNC(=O)CCl)Nc2ccccc2,CC(C)(Nc1ccccc1)C(=O)N1CCC(CNC(=O)CCl)CC1,7.4,5,4.41;7.36;7.77;9.19;10.43,,pkasolver
MRF,c1cc(ccc1OC2(CCNCC2)C(=O)N3CCC(CC3)CNC(=O)CCl)Cl,O=C(CCl)NCC1CCN(C(=O)C2(Oc3ccc(Cl)cc3)CC[NH2+]CC2)CC1,7.4,4,6.94;7.47;8.53;8.97,,pkasolver
MU9,c1cc(ccc1NC2(CCC(CC2)(F)F)C(=O)N3CCC(CC3)CNC(=O)CCl)Cl,O=C(CCl)NCC1CCN(C(=O)C2(Nc3ccc(Cl)cc3)CCC(F)(F)CC2)CC1,7.4,5,4.11;6.98;7.69;9.04;9.94,,pkasolver
MV3,c1cc(ccc1NC2(CCCCC2)C(=O)N3CCC(CC3)CNC(=O)CCl)Cl,O=C(CCl)NCC1CCN(C(=O)C2(Nc3ccc(Cl)cc3)CCCCC2)CC1,7.4,5,4.36;7.08;7.64;8.97;10.20,,pkasolver
MVO,c1cc(ccc1NC2(CCOCC2)C(=O)N3CCC(CC3)CNC(=O)CCl)Cl,O=C(CCl)NCC1CCN(C(=O)C2(Nc3ccc(Cl)cc3)CCOCC2)CC1,7.4,5,4.04;6.90;7.56;8.91;9.98,,pkasolver
MVU,c1ccc(cc1)NC2(CCCCC2)C(=O)N3CCC(CC3)CNC(=O)CCl,O=C(CCl)NCC1CCN(C(=O)C2(Nc3ccccc3)CCCCC2)CC1,7.4,5,4.43;7.18;7.72;9.04;10.42,,pkasolver
N0L,c1cc(ccc1NC2(CCOCC2)C(=O)N3CCC(CC3)CCCNC(=O)CCl)Cl,O=C(CCl)NCCCC1CCN(C(=O)C2(Nc3ccc(Cl)cc3)CCOCC2)CC1,7.4,5,4.19;7.19;7.80;9.03;10.01,,pkasolver
N1R,CC(C)(C(=O)N1CCC(CC1)CCCNC(=O)CCl)Oc2ccc(cc2)Cl,CC(C)(Oc1ccc(Cl)cc1)C(=O)[NH+]1CCC(CCCNC(=O)CCl)CC1,7.4,3,7.62;8.05;9.45,,pkasolver
ND1,CN(C)C(=O)C=CCNCCOc1ccc(cn1)/C(=C(/CC(F)(F)F)\c2ccccc2)/c3ccc4c(c3)c([nH]n4)F,CN(C)C(=O)C=CC[NH2+]CCOc1ccc(/C(=C(/CC(F)(F)F)c2ccccc2)c2ccc3n[nH]c(F)c3c2)cn1,7.4,6,3.94;4.23;4.70;6.76;7.62;8.38,,pkasolver
ND9,c1ccc(cc1)OC2(CCC(CC2)N)C(=O)N3CCC(CC3)CNC(=O)CCl,[NH3+]C1CCC(Oc2ccccc2)(C(=O)N2CCC(CNC(=O)CCl)CC2)CC1,7.4,4,7.27;7.86;8.97;9.15,,pkasolver
NE5,c1ccc(cc1)C(=O)C2=C(C(=O)N([C@@H]2c3ccc(cc3)[N+](=O)[O-])c4ccc(c(c4)C(=O)O)O)O,O=C(C1=C([O-])C(=O)N(c2ccc(O)c(C(=O)[O-])c2)[C@@H]1c1ccc([N+](=O)[O-])cc1)c1ccccc1,7.4,4,2.86;2.98;4.76;10.00,phenol:1,pkasolver+weak_acid_guard
NE9,c1cc(ccc1NC2(CCOCC2)C(=O)N3CCC4(CC3)CC(C4)NC(=O)CCl)Cl,O=C(CCl)NC1CC2(CC[NH+](C(=O)C3(Nc4ccc(Cl)cc4)CCOCC3)CC2)C1,7.4,5,4.02;6.49;7.12;8.96;9.94,,pkasolver
NF9,c1cc(ccc1NC2(CCOCC2)C(=O)N3CCC(CC3)CCNC(=O)CCl)Cl,O=C(CCl)NCCC1CCN(C(=O)C2(Nc3ccc(Cl)cc3)CCOCC2)CC1,7.4,5,4.09;7.11;7.74;8.95;9.99,,pkasolver
NG9,CC1(CC(CC(O1)(C)C)(C(=O)N2CCC(CC2)CNC(=O)CCl)Nc3ccc(cc3)Cl)C,CC1(C)CC(Nc2ccc(Cl)cc2)(C(=O)N2CCC(CNC(=O)CCl)CC2)CC(C)(C)O1,7.4,5,4.22;6.89;7.66;8.82;9.80,,pkasolver
NIB,c1cc(ccc1NC2(CCOCC2)C(=O)NC3CC4(C3)CCN(CC4)C(=O)CCl)Cl,O=C(CCl)N1CCC2(CC1)CC(NC(=O)C1(Nc3ccc(Cl)cc3)CCOCC1)C2,7.4,5,3.94;4.90;6.88;9.05;10.02,,pkasolver
NJ3,C[C@@H]1CC(C[C@@H](O1)C)(C(=O)N2CCC3(CCN(CC3)C(=O)CCl)CC2)Nc4ccc(cc4)Cl,C[C@@H]1CC(Nc2ccc(Cl)cc2)(C(=O)N2CCC3(CCN(C(=O)CCl)CC3)CC2)C[C@H](C)O1,7.4,4,4.24;6.47;6.98;9.61,,pkasolver
NJC,C[C@@H]1CC(C[C@@H](O1)C)(C(=O)NCC2CC3(C2)CCN(CC3)C(=O)CCl)Nc4ccc(cc4)Cl,C[C@@H]1CC(Nc2ccc(Cl)cc2)(C(=O)NCC2CC3(CCN(C(=O)CCl)CC3)C2)C[C@H](C)O1,7.4,5,4.21;5.01;7.12;9.14;9.99,,pkasolver
NJI,c1cc(ccc1NC2(CCOCC2)C(=O)N3CCC4(CC3)CN(C4)C(=O)CCl)Cl,O=C(CCl)N1CC2(CCN(C(=O)C3(Nc4ccc(Cl)cc4)CCOCC3)CC2)C1,7.4,4,3.68;5.97;6.62;9.69,,pkasolver
NJR,CC(C)(C(=O)N1CCC(CC1)CNC(=O)CCl)Nc2ccc(cc2)Cl,CC(C)(Nc1ccc(Cl)cc1)C(=O)N1CCC(CNC(=O)CCl)CC1,7.4,5,4.28;7.24;7.66;9.11;10.18,,pkasolver
NJW,c1ccc(cc1)/C(=C/2\[C@H](N(C(=O)C2=O)c3ccc(c(c3)C(=O)O)O)c4ccc(cc4)[N+](=O)[O-])/N,N/C(=C1\C(=O)C(=O)N(c2ccc(O)c(C(=O)[O-])c2)[C@@H]1c1ccc([N+](=O)[O-])cc1)c1ccccc1,7.4,4,2.80;2.96;3.52;10.00,phenol:1,pkasolver+weak_acid_guard
NK6,c1cc(ccc1NC2(CCC(CC2)N)C(=O)N3CCC(CC3)CNC(=O)CCl)Cl,[NH3+]C1CCC(Nc2ccc(Cl)cc2)(C(=O)[NH+]2CCC(C[NH2+]C(=O)CCl)CC2)CC1,7.4,6,4.68;7.42;7.96;8.97;9.11;10.13,,pkasolver
NKL,c1cc(ccc1NC2(CCOCC2)C(=O)N3CC4(C3)CCN(CC4)C(=O)CCl)Cl,O=C(CCl)N1CCC2(CC1)CN(C(=O)C1(Nc3ccc(Cl)cc3)CCOCC1)C2,7.4,4,3.75;6.47;6.77;9.75,,pkasolver
NQ0,c1cc(ccc1NC2(CC2)C(=O)N3CCC(CC3)CNC(=O)CCl)Cl,O=C(CCl)NCC1CCN(C(=O)C2(Nc3ccc(Cl)cc3)CC2)CC1,7.4,5,3.95;6.74;7.54;8.97;10.26,,pkasolver
NQ9,c1cc(ccc1OC2(CCC(CC2)N)C(=O)N3CCC(CC3)CNC(=O)CCl)Cl,[NH3+]C1CCC(Oc2ccc(Cl)cc2)(C(=O)N2CCC(CNC(=O)CCl)CC2)CC1,7.4,4,7.21;7.80;8.92;9.11,,pkasolver
NQL,c1ccc(cc1)NC2(CCNCC2)C(=O)N3CCC(CC3)CNC(=O)CCl,O=C(CCl)NCC1CCN(C(=O)C2(Nc3ccccc3)CC[NH2+]CC2)CC1,7.4,6,4.38;7.20;7.69;8.69;9.12;10.19,,pkasolver
NQU,c1cc(ccc1OC2(CCCCC2)C(=O)N3CCC(CC3)CNC(=O)CCl)Cl,O=C(CCl)NCC1CCN(C(=O)C2(Oc3ccc(Cl)cc3)CCCCC2)CC1,7.4,3,6.90;7.52;8.98,,pkasolver
NR6,c1cc(ccc1OC2(CC2)C(=O)N3CCC(CC3)CNC(=O)CCl)Cl,O=C(CCl)NCC1CC[NH+](C(=O)C2(Oc3ccc(Cl)cc3)CC2)CC1,7.4,3,6.50;7.38;8.98,,pkasolver
NUO,c1ccc(cc1)NC2(CCC2)C(=O)N3CCC(CC3)CNC(=O)CCl,O=C(CCl)NCC1CCN(C(=O)C2(Nc3ccccc3)CCC2)CC1,7.4,5,4.29;7.09;7.67;9.04;10.46,,pkasolver
NYU,C[C@]12C[C@@H]([C@@H]3c4ccc(cc4CC[C@H]3[C@@H]1CC[C@@H]2O)O)c5ccc(cc5)OCCN(C)C,C[NH+](C)CCOc1ccc([C@H]2C[C@]3(C)[C@@H](O)CC[C@H]3[C@@H]3CCc4cc(O)ccc4[C@H]32)cc1,7.4,2,9.18;9.50,,pkasolver
O0O,c1cc(ccc1NC2(CCNCC2)C(=O)N3CCC(CC3)CNC(=O)CCl)Cl,O=C(CCl)NCC1CCN(C(=O)C2(Nc3ccc(Cl)cc3)CC[NH2+]CC2)CC1,7.4,6,4.33;7.10;7.61;8.62;9.05;9.98,,pkasolver
O2X,c1cc(ccc1NC2(CCOCC2)C(=O)NCC3CC4(C3)CCN(CC4)C(=O)CCl)Cl,O=C(CCl)N1CCC2(CC1)CC(CNC(=O)C1(Nc3ccc(Cl)cc3)CCOCC1)C2,7.4,5,3.96;4.92;7.00;9.11;10.08,,pkasolver
O3F,c1cc(ccc1NC2(CCOCC2)C(=O)N3CCC4(CC3)CC(C4)CNC(=O)CCl)Cl,O=C(CCl)NCC1CC2(CCN(C(=O)C3(Nc4ccc(Cl)cc4)CCOCC3)CC2)C1,7.4,5,4.10;6.75;7.56;8.97;9.96,,pkasolver
O3O,c1cc(ccc1NC2(CCNCC2)C(=O)N3CCC(CC3)CCNC(=O)CCl)Cl,O=C(CCl)NCCC1CCN(C(=O)C2(Nc3ccc(Cl)cc3)CC[NH2+]CC2)CC1,7.4,6,4.39;7.28;7.77;8.67;9.09;10.00,,pkasolver
O3T,c1cc(ccc1OC2(CCC(CC2)(F)F)C(=O)N3CCC(CC3)CNC(=O)CCl)Cl,O=C(CCl)NCC1CCN(C(=O)C2(Oc3ccc(Cl)cc3)CCC(F)(F)CC2)CC1,7.4,3,6.76;7.57;9.04,,pkasolver
O49,c1cc(ccc1OC2(CCOCC2)C(=O)N3CCC(CC3)CNC(=O)CCl)Cl,O=C(CCl)NCC1CCN(C(=O)C2(Oc3ccc(Cl)cc3)CCOCC2)CC1,7.4,3,6.72;7.44;8.93,,pkasolver
O4R,c1ccc(cc1)OC2(CCCC2)C(=O)N3CCC(CC3)CNC(=O)CCl,O=C(CCl)NCC1CCN(C(=O)C2(Oc3ccccc3)CCCC2)CC1,7.4,3,6.92;7.55;9.03,,pkasolver
O5I,c1cc(ccc1NC2(CCCC2)C(=O)N3CCC(CC3)CNC(=O)CCl)Cl,O=C(CCl)NCC1CCN(C(=O)C2(Nc3ccc(Cl)cc3)CCCC2)CC1,7.4,5,4.30;7.04;7.61;8.96;10.22,,pkasolver
O6C,CC(C)(C(=O)N1CCC(CC1)C(=O)NCCSSCCN(C)C)Oc2ccc(cc2)Cl,C[NH+](C)CCSSCCNC(=O)C1CC[NH+](C(=O)C(C)(C)Oc2ccc(Cl)cc2)CC1,7.4,4,7.04;7.47;9.15;9.65,,pkasolver
O6L,c1cc(ccc1OC2(CCCC2)C(=O)N3CCC(CC3)CNC(=O)CCl)Cl,O=C(CCl)NCC1CCN(C(=O)C2(Oc3ccc(Cl)cc3)CCCC2)CC1,7.4,3,6.85;7.49;8.98,,pkasolver
OB1,c1ccc(cc1)NS(=O)(=O)[C@@H]2C[C@H]3C(=C([C@@H]2O3)c4ccc(cc4)O)c5ccc(cc5)O,O=S(=O)(Nc1ccccc1)[C@@H]1C[C@@H]2O[C@H]1C(c1ccc(O)cc1)=C2c1ccc(O)cc1,7.4,4,6.80;8.93;10.00;10.00,phenol:2,pkasolver+weak_acid_guard
OB2,CN(c1ccccc1)S(=O)(=O)[C@@H]2C[C@H]3C(=C([C@@H]2O3)c4ccc(cc4)O)c5ccc(cc5)O,CN(c1ccccc1)S(=O)(=O)[C@@H]1C[C@@H]2O[C@H]1C(c1ccc(O)cc1)=C2c1ccc(O)cc1,7.4,3,4.28;10.00;10.00,phenol:2,pkasolver+weak_acid_guard
OB3,CN(c1ccccc1Cl)S(=O)(=O)[C@@H]2C[C@H]3C(=C([C@@H]2O3)c4ccc(cc4)O)c5ccc(cc5)O,CN(c1ccccc1Cl)S(=O)(=O)[C@@H]1C[C@@H]2O[C@H]1C(c1ccc(O)cc1)=C2c1ccc(O)cc1,7.4,3,4.03;10.00;10.00,phenol:2,pkasolver+weak_acid_guard
OB4,CCN(c1ccc(cc1)OC)S(=O)(=O)[C@@H]2C[C@H]3C(=C([C@@H]2O3)c4ccc(cc4)O)c5ccc(cc5)O,CCN(c1ccc(OC)cc1)S(=O)(=O)[C@@H]1C[C@@H]2O[C@H]1C(c1ccc(O)cc1)=C2c1ccc(O)cc1,7.4,3,4.62;10.00;10.00,phenol:2,pkasolver+weak_acid_guard
OB5,CCN(c1ccc(cc1)OC)S(=O)(=O)[C@H]2C[C@@H]3C(=C([C@H]2O3)c4ccc(cc4)O)c5ccc(cc5)O,CCN(c1ccc(OC)cc1)S(=O)(=O)[C@H]1C[C@H]2O[C@@H]1C(c1ccc(O)cc1)=C2c1ccc(O)cc1,7.4,3,4.62;10.00;10.00,phenol:2,pkasolver+weak_acid_guard
OB6,CCN(c1ccc(cc1)Cl)S(=O)(=O)[C@@H]2C[C@H]3C(=C([C@@H]2O3)c4ccc(cc4)O)c5ccc(cc5)O,CCN(c1ccc(Cl)cc1)S(=O)(=O)[C@@H]1C[C@@H]2O[C@H]1C(c1ccc(O)cc1)=C2c1ccc(O)cc1,7.4,3,4.32;10.00;10.00,phenol:2,pkasolver+weak_acid_guard
OB7,CCN(c1ccc(cc1)Cl)S(=O)(=O)[C@H]2C[C@@H]3C(=C([C@H]2O3)c4ccc(cc4)O)c5ccc(cc5)O,CCN(c1ccc(Cl)cc1)S(=O)(=O)[C@H]1C[C@H]2O[C@@H]1C(c1ccc(O)cc1)=C2c1ccc(O)cc1,7.4,3,4.32;10.00;10.00,phenol:2,pkasolver+weak_acid_guard
OB8,CCN(c1ccc2ccccc2c1)S(=O)(=O)[C@@H]3C[C@H]4C(=C([C@@H]3O4)c5ccc(cc5)O)c6ccc(cc6)O,CCN(c1ccc2ccccc2c1)S(=O)(=O)[C@@H]1C[C@@H]2O[C@H]1C(c1ccc(O)cc1)=C2c1ccc(O)cc1,7.4,3,4.32;10.00;10.00,phenol:2,pkasolver+weak_acid_guard
OB9,c1ccc(cc1)N(CC(F)(F)F)S(=O)(=O)[C@@H]2C[C@H]3C(=C([C@@H]2O3)c4ccc(cc4)O)c5ccc(cc5)O,O=S(=O)([C@@H]1C[C@@H]2O[C@H]1C(c1ccc(O)cc1)=C2c1ccc(O)cc1)N(CC(F)(F)F)c1ccccc1,7.4,3,3.64;10.00;10.00,phenol:2,pkasolver+weak_acid_guard
OBB,c1cc(cc(c1)Br)OS(=O)(=O)[C@@H]2C[C@H]3C(=C([C@@H]2O3)c4ccc(cc4)O)c5ccc(cc5)O,O=S(=O)(Oc1cccc(Br)c1)[C@@H]1C[C@@H]2O[C@H]1C(c1ccc(O)cc1)=C2c1ccc(O)cc1,7.4,2,10.00;10.00,phenol:2,pkasolver+weak_acid_guard
OBC,c1ccc(c(c1)OS(=O)(=O)[C@@H]2C[C@H]3C(=C([C@@H]2O3)c4ccc(cc4)O)c5ccc(cc5)O)F,O=S(=O)(Oc1ccccc1F)[C@@H]1C[C@@H]2O[C@H]1C(c1ccc(O)cc1)=C2c1ccc(O)cc1,7.4,2,10.00;10.00,phenol:2,pkasolver+weak_acid_guard
OBM,c1cc(ccc1C2=C([C@H]3[C@@H](C[C@@H]2O3)S(=O)(=O)Oc4ccc(cc4)Br)c5ccc(cc5)O)O,O=S(=O)(Oc1ccc(Br)cc1)[C@@H]1C[C@@H]2O[C@H]1C(c1ccc(O)cc1)=C2c1ccc(O)cc1,7.4,2,10.00;10.00,phenol:2,pkasolver+weak_acid_guard
ODC,CC(C)(C(=O)N1CCC(CC1)CCNC(=O)CCl)Oc2ccc(cc2)Cl,CC(C)(Oc1ccc(Cl)cc1)C(=O)[NH+]1CCC(CCNC(=O)CCl)CC1,7.4,3,7.54;7.98;9.37,,pkasolver
ODE,CCOC(=O)[C@H]1[C@H]([C@H]2C(=C([C@@H]1O2)c3ccc(cc3)O)c4ccc(cc4)O)C(=O)OCC,CCOC(=O)[C@@H]1[C@H](C(=O)OCC)[C@H]2O[C@@H]1C(c1ccc(O)cc1)=C2c1ccc(O)cc1,7.4,2,10.00;10.00,phenol:2,pkasolver+weak_acid_guard
ODY,CC1=C([C@@H](Oc2c1cccc2O)c3ccc(cc3)OCCN4CC(C4)CF)c5cccc(c5)O,CC1=C(c2cccc(O)c2)[C@H](c2ccc(OCC[NH+]3CC(CF)C3)cc2)Oc2c(O)cccc21,7.4,3,7.49;10.00;10.00,phenol:2,pkasolver+weak_acid_guard
OFB,c1cc(cc(c1)F)OS(=O)(=O)[C@@H]2C[C@H]3C(=C([C@@H]2O3)c4ccc(cc4)O)c5ccc(cc5)O,O=S(=O)(Oc1cccc(F)c1)[C@@H]1C[C@@H]2O[C@H]1C(c1ccc(O)cc1)=C2c1ccc(O)cc1,7.4,2,10.00;10.00,phenol:2,pkasolver+weak_acid_guard
OGJ,CC1=C([C@@H](Oc2c1cc(cc2)O)c3ccc(cc3)OCCN4CC(C4)CF)c5cccc(c5)O,CC1=C(c2cccc(O)c2)[C@H](c2ccc(OCC[NH+]3CC(CF)C3)cc2)Oc2ccc(O)cc21,7.4,3,7.66;10.00;10.00,phenol:2,pkasolver+weak_acid_guard
OT0,C[C@@H]1CC(C[C@@H](O1)C)(C(=O)N2CCC(CC2)CNC(=O)CCl)Nc3ccc(cc3)Cl,C[C@@H]1CC(Nc2ccc(Cl)cc2)(C(=O)N2CCC(CNC(=O)CCl)CC2)C[C@H](C)O1,7.4,5,4.22;6.94;7.65;8.96;9.89,,pkasolver
PIQ,Cn1c2cc(cnc2nc1N)c3ccccc3,Cn1c(N)nc2ncc(-c3ccccc3)cc21,7.4,4,3.14;3.82;4.56;9.19,,pkasolver
PJN,c1ccc(cc1)C(=O)C2=C(C(=O)N([C@@H]2c3ccc(cc3)[N+](=O)[O-])c4ccccc4O)O,O=C(C1=C([O-])C(=O)N(c2ccccc2O)[C@@H]1c1ccc([N+](=O)[O-])cc1)c1ccccc1,7.4,3,3.34;5.81;10.00,phenol:1,pkasolver+weak_acid_guard
PTI,c1ccc(cc1)N2CCc3cc(ccc3[C@H]2c4ccc(cc4)OCCN5CCCCC5)O,Oc1ccc2c(c1)CCN(c1ccccc1)[C@@H]2c1ccc(OCC[NH+]2CCCCC2)cc1,7.4,3,6.81;8.95;10.00,phenol:1,pkasolver+weak_acid_guard
Q97,CC/C(=C(\c1ccc(cc1)O)/c2ccc(cc2)OCC)/c3ccc(cc3)O,CCOc1ccc(/C(=C(/CC)c2ccc(O)cc2)c2ccc(O)cc2)cc1,7.4,2,10.00;10.00,phenol:2,pkasolver+weak_acid_guard
QHG,CC(C)CN1CCc2cc(ccc2[C@H]1c3ccc(cc3)/C=C/C(=O)O)O,CC(C)C[NH+]1CCc2cc(O)ccc2[C@H]1c1ccc(/C=C/C(=O)[O-])cc1,7.4,3,5.03;7.50;10.00,phenol:1,pkasolver+weak_acid_guard
QNE,C[C@@H]1Cc2c(ccc3c2c[nH]n3)[C@H](N1CC4(CC4)F)c5ccc(cc5OC)NC6CN(C6)CCCF,COc1cc(NC2CN(CCCF)C2)ccc1[C@@H]1c2ccc3n[nH]cc3c2C[C@@H](C)[NH+]1CC1(F)CC1,7.4,6,4.94;5.19;6.21;7.08;7.64;9.73,,pkasolver
QNH,CCCN1CC(C1)Nc2ccc(nc2)[C@@H]3c4ccc5c(c4C[C@H](N3CC(F)(F)F)C)cn[nH]5,CCC[NH+]1CC(Nc2ccc([C@@H]3c4ccc5[nH]ncc5c4C[C@@H](C)N3CC(F)(F)F)nc2)C1,7.4,6,4.24;4.47;4.66;5.74;7.76;9.96,,pkasolver
QNK,C[C@@H]1Cc2c(ccc3c2c[nH]n3)[C@H](N1CC4(CC4)F)c5ccc(cn5)NC6CN(C6)CCCF,C[C@@H]1Cc2c(ccc3n[nH]cc23)[C@@H](c2ccc(NC3C[NH+](CCCF)C3)cn2)N1CC1(F)CC1,7.4,6,4.29;4.88;5.65;6.69;7.54;9.65,,pkasolver
QSO,COc1ccc(cc1)C2=COc3cc(cc(c3C2=O)O)O,COc1ccc(-c2coc3cc(O)cc(O)c3c2=O)cc1,7.4,2,10.00;10.00,phenol:2,pkasolver+weak_acid_guard
QYM,C[C@]12C[C@@H]([C@H]3c4ccc(cc4CC[C@H]3[C@@H]1CC[C@@H]2O)O)c5ccc(cc5)OCCN(C)C,C[NH+](C)CCOc1ccc([C@H]2C[C@]3(C)[C@@H](O)CC[C@H]3[C@@H]3CCc4cc(O)ccc4[C@@H]32)cc1,7.4,2,9.18;9.50,,pkasolver
RY0,[H]/N=C(\c1cc(cs1)c2cccc(c2)NC(=O)C3(CCC3)Oc4ccc(cc4)Cl)/N,[H]/[NH+]=C(/N)c1cc(-c2cccc(NC(=O)C3(Oc4ccc(Cl)cc4)CCC3)c2)cs1,7.4,3,4.55;7.80;9.43,,pkasolver
RYR,[H]/N=C(\c1cc(cs1)c2cccc(c2)NC(=O)C(C)(C)Oc3ccc(cc3)C(F)(F)F)/N,[H]/[NH+]=C(/N)c1cc(-c2cccc(NC(=O)C(C)(C)Oc3ccc(C(F)(F)F)cc3)c2)cs1,7.4,3,4.30;8.12;9.62,,pkasolver
RZC,[H]/N=C(/c1cc(cs1)c2cccc(c2)NC(=O)C(C)(C)Oc3ccc(c(c3)Cl)Cl)\N,[H]/[NH+]=C(\N)c1cc(-c2cccc(NC(=O)C(C)(C)Oc3ccc(Cl)c(Cl)c3)c2)cs1,7.4,3,4.47;8.05;9.58,,pkasolver
RZL,[H]/N=C(/c1cc(cs1)c2cccc(c2)NC(=O)C(C)(C)Oc3ccc(cc3)Br)\N,[H]/[NH+]=C(\N)c1cc(-c2cccc(NC(=O)C(C)(C)Oc3ccc(Br)cc3)c2)cs1,7.4,3,4.49;8.13;9.70,,pkasolver
RZT,[H]/N=C(/c1cc(cs1)c2cccc(c2)NC(=O)C3(CCC(CC3)N)Oc4ccc(cc4)Cl)\N,[H]/[NH+]=C(\N)c1cc(-c2cccc(NC(=O)C3(Oc4ccc(Cl)cc4)CCC([NH3+])CC3)c2)cs1,7.4,4,4.90;8.07;8.59;9.37,,pkasolver
S0O,[H]/N=C(/c1cc(cs1)c2cccc(c2)NC(=O)C(C)(C)Oc3ccccc3)\N,[H]/[NH+]=C(\N)c1cc(-c2cccc(NC(=O)C(C)(C)Oc3ccccc3)c2)cs1,7.4,3,4.59;8.17;9.77,,pkasolver
S0U,[H]/N=C(/c1cc(cs1)c2cccc(c2)NC(=O)C(C)(C)Nc3ccccc3)\N,[H]/[NH+]=C(\N)c1cc(-c2cccc(NC(=O)C(C)(C)Nc3ccccc3)c2)cs1,7.4,5,3.74;4.83;7.94;9.64;10.53,,pkasolver
S1I,[H]/N=C(/c1cc(cs1)c2cccc(c2)NC(=O)C3(CCC(CC3)(F)F)Oc4ccccc4)\N,[H]/[NH+]=C(\N)c1cc(-c2cccc(NC(=O)C3(Oc4ccccc4)CCC(F)(F)CC3)c2)cs1,7.4,3,4.72;8.01;9.49,,pkasolver
S1R,[H]/N=C(/c1cc(cs1)c2cccc(c2)NC(=O)C3(CCOCC3)Oc4ccccc4)\N,[H]/[NH+]=C(\N)c1cc(-c2cccc(NC(=O)C3(Oc4ccccc4)CCOCC3)c2)cs1,7.4,3,4.70;7.84;9.40,,pkasolver
S2E,[H]/N=C(/c1cc(cs1)c2cccc(c2)NC(=O)C3(CCOCC3)Oc4ccc(cc4)Cl)\N,[H]/[NH+]=C(\N)c1cc(-c2cccc(NC(=O)C3(Oc4ccc(Cl)cc4)CCOCC3)c2)cs1,7.4,3,4.62;7.81;9.36,,pkasolver
S2U,[H]/N=C(\c1cc(cs1)c2cccc(c2)NC(=O)C(C)(C)Oc3ccc(cc3)OC)/N,[H]/[NH+]=C(/N)c1cc(-c2cccc(NC(=O)C(C)(C)Oc3ccc(OC)cc3)c2)cs1,7.4,3,4.77;8.31;9.84,,pkasolver
S3I,[H]/N=C(\c1cc(cs1)c2cccc(c2)NC(=O)C(C)(C)Oc3ccc(cc3)C(=O)C)/N,[H]/[NH+]=C(/N)c1cc(-c2cccc(NC(=O)C(C)(C)Oc3ccc(C(C)=O)cc3)c2)cs1,7.4,3,4.25;7.76;9.26,,pkasolver
S3U,[H]/N=C(\c1cc(cs1)c2cccc(c2)NC(=O)C3(CCCCC3)Oc4ccccc4)/N,[H]/[NH+]=C(/N)c1cc(-c2cccc(NC(=O)C3(Oc4ccccc4)CCCCC3)c2)cs1,7.4,3,4.71;7.90;9.46,,pkasolver
S6O,[H]/N=C(/c1cc2c(cccc2s1)N(C)CCN(C)C(=O)C(C)(C)Oc3ccc(cc3)Cl)\N,[H]/[NH+]=C(\N)c1cc2c(N(C)CCN(C)C(=O)C(C)(C)Oc3ccc(Cl)cc3)cccc2s1,7.4,3,4.55;7.32;8.40,,pkasolver
S6X,[H]/N=C(/c1cc(cs1)c2cccc(c2)NC(=O)C(C)(C)Oc3ccc(cc3)Cl)\N,[H]/[NH+]=C(\N)c1cc(-c2cccc(NC(=O)C(C)(C)Oc3ccc(Cl)cc3)c2)cs1,7.4,3,4.51;8.14;9.71,,pkasolver
S7I,[H]/N=C(/c1cc(cs1)c2cccc(c2)NC(=O)C3(CCCC3)Oc4ccc(cc4)Cl)\N,[H]/[NH+]=C(\N)c1cc(-c2cccc(NC(=O)C3(Oc4ccc(Cl)cc4)CCCC3)c2)cs1,7.4,3,4.59;7.83;9.42,,pkasolver
S7R,[H]/N=C(\c1cc(cs1)c2cccc(c2)NC(=O)C3(CCNCC3)Nc4ccc(cc4)Cl)/N,[H]/[NH+]=C(/N)c1cc(-c2cccc(NC(=O)C3(Nc4ccc(Cl)cc4)CC[NH2+]CC3)c2)cs1,7.4,6,4.22;4.66;7.70;8.81;9.42;10.12,,pkasolver
S86,[H]/N=C(/c1cc(cs1)c2cccc(c2)NC(=O)C3(CCC(CC3)(F)F)Oc4ccc(cc4)Cl)\N,[H]/[NH+]=C(\N)c1cc(-c2cccc(NC(=O)C3(Oc4ccc(Cl)cc4)CCC(F)(F)CC3)c2)cs1,7.4,3,4.64;7.97;9.45,,pkasolver
S8O,[H]/N=C(\c1cc(cs1)c2cccc(c2)NC(=O)C3(CCCCC3)Oc4ccc(cc4)Cl)/N,[H]/[NH+]=C(/N)c1cc(-c2cccc(NC(=O)C3(Oc4ccc(Cl)cc4)CCCCC3)c2)cs1,7.4,3,4.62;7.87;9.42,,pkasolver
SD7,[H]/N=C(\c1cc2c(ccc(c2s1)OC)C[C@H](C)CN)/N,[H]/[NH+]=C(/N)c1cc2c(C[C@H](C)C[NH3+])ccc(OC)c2s1,7.4,2,8.15;9.32,,pkasolver
SE3,[H]/N=C(/c1cc(cs1)c2cccc(c2)NC(=O)C(C)(C)Nc3ccc(cc3)Cl)\N,[H]/[NH+]=C(\N)c1cc(-c2cccc(NC(=O)C(C)(C)Nc3ccc(Cl)cc3)c2)cs1,7.4,5,3.64;4.65;7.88;9.56;10.32,,pkasolver
SER,C([C@@H](C(=O)O)N)O,[NH3+][C@@H](CO)C(=O)[O-],7.4,2,3.56;9.02,,pkasolver
SFG,c1nc(c2c(n1)n(cn2)[C@H]3[C@@H]([C@@H]([C@H](O3)C[C@H](CC[C@@H](C(=O)O)N)N)O)O)N,Nc1ncnc2c1ncn2[C@@H]1O[C@H](C[C@@H]([NH3+])CC[C@H]([NH3+])C(=O)[O-])[C@@H](O)[C@H]1O,7.4,5,3.51;3.81;5.11;8.94;9.28,,pkasolver
SG0,[H]/N=C(\c1cc2c(ccc(c2s1)OC(C)C)[C@H](N)O)/N,[H]/[NH+]=C(/N)c1cc2c([C@H](N)O)ccc(OC(C)C)c2s1,7.4,2,8.04;9.56,,pkasolver
SIY,C[C@@H]1[C@@H]\2CC[C@@H](/C2=C/[C@]3([C@H](CC(=C3[C@H]([C@@H]1O)O[C@@H]4[C@@H]([C@H]([C@@H]([C@H](O4)COC(C)(C)C=C)O)O)O)C(C)C)O)C)COC,C=CC(C)(C)OC[C@H]1O[C@H](O[C@@H]2C3=C(C(C)C)C[C@H](O)[C@]3(C)/C=C3/[C@@H](COC)CC[C@H]3[C@@H](C)[C@H]2O)[C@H](O)[C@@H](O)[C@@H]1O,7.4,4,8.70;8.70;8.85;8.89,,pkasolver
SJ4,C[C@@H]1[C@@H]2CC[C@@H]([C@H]2C[C@]3([C@H](CC(=C3[C@H]([C@@H]1O)O[C@@H]4[C@@H]([C@H]([C@H]5[C@H](O4)COC(O5)(C)C)O)O)C(C)C)O)C)COC,COC[C@H]1CC[C@H]2[C@@H](C)[C@@H](O)[C@H](O[C@H]3O[C@@H]4COC(C)(C)O[C@H]4[C@H](O)[C@H]3O)C3=C(C(C)C)C[C@H](O)[C@]3(C)C[C@H]12,7.4,3,9.01;9.01;9.05,,pkasolver
SJC,C[C@H](CN1CCCCC1)C2=C3[C@H]([C@@H](C[C@@]\4(CC[C@@H](/C4=C/[C@]3([C@H](C2)O)C)COC)C)O)O[C@@H]5[C@@H]([C@H]([C@@H]([C@H](O5)COC(C)(C)C=C)O)O)O,C=CC(C)(C)OC[C@H]1O[C@H](O[C@@H]2C3=C([C@H](C)C[NH+]4CCCCC4)C[C@H](O)[C@]3(C)/C=C3/[C@@H](COC)CC[C@@]3(C)C[C@H]2O)[C@H](O)[C@@H](O)[C@@H]1O,7.4,4,8.66;8.78;8.88;8.93,,pkasolver
SKR,C[C@@H]1[C@@H]\2CC[C@@H](/C2=C/[C@]3([C@H](CC(=C3[C@H]([C@@H]1O)O)[C@H](C)CNC(=O)C)O)C)COC,COC[C@H]1CC[C@@H]2/C1=C\[C@]1(C)C(=C([C@H](C)CNC(C)=O)C[C@@H]1O)[C@@H](O)[C@H](O)[C@@H]2C,7.4,5,6.84;8.62;8.74;9.01;9.25,,pkasolver
SOI,[H]/N=C(/c1cc(cs1)c2cccc(c2)NC(=O)C3(CCNCC3)Oc4ccc(cc4)Cl)\N,[H]/[NH+]=C(\N)c1cc(-c2cccc(NC(=O)C3(Oc4ccc(Cl)cc4)CC[NH2+]CC3)c2)cs1,7.4,4,4.52;7.57;8.69;9.41,,pkasolver
SSX,[H]/N=C(/c1cc2c(ccc(c2s1)OC)C[C@@H](C)CN)\N,[H]/[NH+]=C(\N)c1cc2c(C[C@@H](C)C[NH3+])ccc(OC)c2s1,7.4,2,8.15;9.32,,pkasolver
STL,c1cc(ccc1\C=C\c2cc(cc(c2)O)O)O,Oc1ccc(/C=C/c2cc(O)cc(O)c2)cc1,7.4,3,10.00;10.00;10.00,phenol:3,pkasolver+weak_acid_guard
T3O,CC1=CC[C@H]2C[C@@H]1[C@@H](OC2(C)C)c3ccc(cc3)O,CC1=CC[C@H]2C[C@@H]1[C@H](c1ccc(O)cc1)OC2(C)C,7.4,1,10.00,phenol:1,pkasolver+weak_acid_guard
T4Q,c1ccc(c(c1)C#N)Sc2ccccc2C(=O)NCCCS,N#Cc1ccccc1Sc1ccccc1C(=O)NCCCS,7.4,3,3.72;6.92;9.11,,pkasolver
T4W,c1ccc(c(c1)C#N)Sc2ccccc2C(=O)NCCS,N#Cc1ccccc1Sc1ccccc1C(=O)NCCS,7.4,3,3.58;5.95;8.82,,pkasolver
T4Z,c1cc(ccc1SCC(=O)NCCCS)Cl,O=C(CSc1ccc(Cl)cc1)[NH2+]CCCS,7.4,3,7.18;8.32;9.47,,pkasolver
T5N,CC(C)(C(=O)NCCS)Oc1ccc(cc1)Br,CC(C)(Oc1ccc(Br)cc1)C(=O)NCCS,7.4,3,4.10;6.16;9.32,,pkasolver
T5Q,CC(C)(C(=O)NCCS)Oc1cc(cc(c1)F)F,CC(C)(Oc1cc(F)cc(F)c1)C(=O)NCCS,7.4,3,4.21;6.04;8.99,,pkasolver
T5T,CC(C)(C(=O)NCCS)Oc1ccc(cc1)F,CC(C)(Oc1ccc(F)cc1)C(=O)NCCS,7.4,3,4.19;6.22;9.33,,pkasolver
T5W,CC(C)(C(=O)NCCS)Oc1cc(cc(c1)Cl)Cl,CC(C)(Oc1cc(Cl)cc(Cl)c1)C(=O)NCCS,7.4,3,4.08;6.07;9.07,,pkasolver
T5Z,CC(C)(C(=O)NCCS)Oc1ccc(c(c1)OC)Br,COc1cc(OC(C)(C)C(=O)NCCS)ccc1Br,7.4,3,4.30;6.40;9.30,,pkasolver
T6H,CC(C)(C(=O)NCCS)Oc1ccccc1,CC(C)(Oc1ccccc1)C(=O)NCCS,7.4,3,4.19;6.22;9.41,,pkasolver
T6N,Cc1ccc(cc1)OC(C)(C)C(=O)NCCS,Cc1ccc(OC(C)(C)C(=O)NCCS)cc1,7.4,3,4.28;6.38;9.52,,pkasolver
T6W,CC(C)(C(=O)NCCS)Oc1ccc(cc1Cl)[N+](=O)[O-],CC(C)(Oc1ccc([N+](=O)[O-])cc1Cl)C(=O)NCCS,7.4,3,3.84;5.65;8.19,,pkasolver
TG9,[H]/N=C(/c1cc(c(s1)NC2CCCCC2)c3ccccc3)\N,[H]/[NH+]=C(\N)c1cc(-c2ccccc2)c(NC2CCCCC2)s1,7.4,2,6.15;7.75,,pkasolver
TQF,CCN1CC(C1)Oc2ccc(cc2)[C@@H]3c4ccc(cc4CC5(N3C(=O)c6ccccc6)CC5)O,CC[NH+]1CC(Oc2ccc([C@@H]3c4ccc(O)cc4CC4(CC4)N3C(=O)c3ccccc3)cc2)C1,7.4,3,5.21;8.61;10.00,phenol:1,pkasolver+weak_acid_guard
TS7,CCCN1CC(C1)Oc2ccc(cc2)[C@@H]3c4ccc(cc4CC5(N3C(=O)c6ccccc6)CC5)O,CCC[NH+]1CC(Oc2ccc([C@@H]3c4ccc(O)cc4CC4(CC4)N3C(=O)c3ccccc3)cc2)C1,7.4,3,5.27;8.55;10.00,phenol:1,pkasolver+weak_acid_guard
TT5,c1ccc(cc1)C(=O)N2[C@@H](c3ccc(cc3CC24CC4)O)c5ccc(cc5)OCCN6CCCCC6,O=C(c1ccccc1)N1[C@H](c2ccc(OCC[NH+]3CCCCC3)cc2)c2ccc(O)cc2CC12CC2,7.4,3,5.34;8.78;10.00,phenol:1,pkasolver+weak_acid_guard
TTU,CCN1CC[C@@H](C1)Oc2ccc(cc2)[C@@H]3c4ccc(cc4CC5(N3C(=O)c6ccccc6)CC5)O,CC[NH+]1CC[C@H](Oc2ccc([C@@H]3c4ccc(O)cc4CC4(CC4)N3C(=O)c3ccccc3)cc2)C1,7.4,3,5.52;9.22;10.00,phenol:1,pkasolver+weak_acid_guard
TU9,CCN1CC[C@H](C1)COc2ccc(cc2)[C@@H]3c4ccc(cc4CC5(N3C(=O)c6ccccc6)CC5)O,CC[NH+]1CC[C@@H](COc2ccc([C@@H]3c4ccc(O)cc4CC4(CC4)N3C(=O)c3ccccc3)cc2)C1,7.4,3,5.63;9.36;10.00,phenol:1,pkasolver+weak_acid_guard
TVF,C[C@@H]1CCN(C1)CCOc2ccc(cc2)[C@@H]3c4ccc(cc4CC5(N3C(=O)c6ccccc6)CC5)O,C[C@@H]1CC[NH+](CCOc2ccc([C@@H]3c4ccc(O)cc4CC4(CC4)N3C(=O)c3ccccc3)cc2)C1,7.4,3,5.51;8.85;10.00,phenol:1,pkasolver+weak_acid_guard
TVL,C[C@@H]1CCCN1CCOc2ccc(cc2)[C@@H]3c4ccc(cc4CC5(N3C(=O)c6ccccc6)CC5)O,C[C@@H]1CCC[NH+]1CCOc1ccc([C@@H]2c3ccc(O)cc3CC3(CC3)N2C(=O)c2ccccc2)cc1,7.4,3,5.42;8.89;10.00,phenol:1,pkasolver+weak_acid_guard
TVX,CN(C)CCOc1ccc(cc1)[C@@H]2c3ccc(cc3CC4(N2C(=O)c5ccccc5)CC4)O,C[NH+](C)CCOc1ccc([C@@H]2c3ccc(O)cc3CC3(CC3)N2C(=O)c2ccccc2)cc1,7.4,3,5.13;8.90;10.00,phenol:1,pkasolver+weak_acid_guard
TW6,CNCCOc1ccc(cc1)[C@@H]2c3ccc(cc3CC4(N2C(=O)c5ccccc5)CC4)O,C[NH2+]CCOc1ccc([C@@H]2c3ccc(O)cc3CC3(CC3)N2C(=O)c2ccccc2)cc1,7.4,3,5.01;9.11;10.00,phenol:1,pkasolver+weak_acid_guard
TWF,CCNCCOc1ccc(cc1)[C@@H]2c3ccc(cc3CC4(N2C(=O)c5ccccc5)CC4)O,CC[NH2+]CCOc1ccc([C@@H]2c3ccc(O)cc3CC3(CC3)N2C(=O)c2ccccc2)cc1,7.4,3,5.13;9.17;10.00,phenol:1,pkasolver+weak_acid_guard
TX9,CCCCCN1CC[C@@H](C1)COc2ccc(cc2)[C@@H]3c4ccc(cc4CC5(N3C(=O)c6ccccc6)CC5)O,CCCCC[NH+]1CC[C@H](COc2ccc([C@@H]3c4ccc(O)cc4CC4(CC4)N3C(=O)c3ccccc3)cc2)C1,7.4,3,5.78;9.23;10.00,phenol:1,pkasolver+weak_acid_guard
TXK,CCCN1CC[C@H](C1)CCc2ccc(cc2)[C@@H]3c4ccc(cc4CC5(N3C(=O)c6ccccc6)CC5)O,CCC[NH+]1CC[C@@H](CCc2ccc([C@@H]3c4ccc(O)cc4CC4(CC4)N3C(=O)c3ccccc3)cc2)C1,7.4,3,5.85;9.52;10.00,phenol:1,pkasolver+weak_acid_guard
TYR,c1cc(ccc1C[C@@H](C(=O)O)N)O,[NH3+][C@@H](Cc1ccc(O)cc1)C(=O)[O-],7.4,2,4.85;8.96,,pkasolver
TZ3,CCCN1CC[C@@H](C1)CSc2ccc(cc2)[C@@H]3c4ccc(cc4CC5(N3C(=O)c6ccccc6)CC5)O,CCC[NH+]1CC[C@H](CSc2ccc([C@@H]3c4ccc(O)cc4CC4(CC4)N3C(=O)c3ccccc3)cc2)C1,7.4,3,5.48;9.30;10.00,phenol:1,pkasolver+weak_acid_guard
U0L,[H]/N=C(\c1cc(cs1)c2cccc(c2)NC(=O)C(C)(C)Oc3ccc(c(c3)F)Cl)/N,[H]/[NH+]=C(/N)c1cc(-c2cccc(NC(=O)C(C)(C)Oc3ccc(Cl)c(F)c3)c2)cs1,7.4,3,4.50;8.05;9.59,,pkasolver
U6D,C[C@@H]1Cc2c3ccccc3[nH]c2[C@H](N1CC(C)(C)F)c4c(cc(cc4F)OCCN5CC(C5)CF)F,C[C@@H]1Cc2c([nH]c3ccccc23)[C@@H](c2c(F)cc(OCCN3CC(CF)C3)cc2F)N1CC(C)(C)F,7.4,4,4.92;6.43;7.13;9.86,,pkasolver
UGH,C(CN)CNCCS,[NH3+]CCC[NH2+]CC[SH2+],7.4,2,7.96;10.71,,pkasolver
V9J,c1cc(ccc1c2c3ccc(cc3sc2Oc4ccc(cc4)O)O)F,Oc1ccc(Oc2sc3cc(O)ccc3c2-c2ccc(F)cc2)cc1,7.4,2,10.00;10.00,phenol:2,pkasolver+weak_acid_guard
VQI,Cc1cc2c(cc1O)CCN([C@@H]2c3ccc(cc3)/C=C/C(=O)O)CC(C)C,Cc1cc2c(cc1O)CC[NH+](CC(C)C)[C@@H]2c1ccc(/C=C/C(=O)[O-])cc1,7.4,3,5.25;7.61;10.00,phenol:1,pkasolver+weak_acid_guard
WST,c1cc(c2c(c1)O[C@H]([C@@H]3[C@H]2CCC3)c4ccc(cc4)O)O,Oc1ccc([C@@H]2Oc3cccc(O)c3[C@@H]3CCC[C@@H]32)cc1,7.4,2,10.00;10.00,phenol:2,pkasolver+weak_acid_guard
WVE,c1cc(c(cc1O)Cl)[C@H]2[C@H]3CCC[C@H]3c4cc(ccc4N2)S(=O)(=O)N,NS(=O)(=O)c1ccc2c(c1)[C@@H]1CCC[C@@H]1[C@H](c1ccc(O)cc1Cl)N2,7.4,4,6.61;7.22;8.66;10.00,phenol:1,pkasolver+weak_acid_guard
WVR,c1cc(ccc1[C@@H]2[C@@H]3CCC[C@@H]3c4cc(ccc4N2)S(=O)(=O)N)O,NS(=O)(=O)c1ccc2c(c1)[C@H]1CCC[C@H]1[C@@H](c1ccc(O)cc1)[NH2+]2,7.4,4,6.97;7.70;9.00;10.00,phenol:1,pkasolver+weak_acid_guard
WVW,c1cc(ccc1[C@H]2[C@H]3CCC[C@H]3c4cc(ccc4N2)S(=O)(=O)N)O,NS(=O)(=O)c1ccc2c(c1)[C@@H]1CCC[C@@H]1[C@H](c1ccc(O)cc1)[NH2+]2,7.4,4,6.97;7.70;9.00;10.00,phenol:1,pkasolver+weak_acid_guard
XBR,c1ccc2c(c1)c3c([nH]2)[C@H](N(CC3)CCC(=O)O)c4ccc(cc4)Cl,O=C([O-])CCN1CCc2c([nH]c3ccccc23)[C@H]1c1ccc(Cl)cc1,7.4,4,4.49;4.86;6.08;10.29,,pkasolver
XDH,CC(C)(c1cc(c(c(c1)Cl)O)Cl)c2cc(c(c(c2)Cl)O)Cl,CC(C)(c1cc(Cl)c(O)c(Cl)c1)c1cc(Cl)c(O)c(Cl)c1,7.4,2,10.00;10.00,phenol:2,pkasolver+weak_acid_guard
ZER,C[C@H]1CCCC(=O)CCC/C=C/c2cc(cc(c2C(=O)O1)O)O,C[C@H]1CCCC(=O)CCC/C=C/c2cc(O)cc(O)c2C(=O)O1,7.4,2,10.00;10.00,phenol:2,pkasolver+weak_acid_guard
ZHB,C[C@H]1CCC[C@H](CCC/C=C/c2cc(cc(c2C(=O)O1)O)O)O,C[C@H]1CCC[C@@H](O)CCC/C=C/c2cc(O)cc(O)c2C(=O)O1,7.4,3,7.45;10.00;10.00,phenol:2,pkasolver+weak_acid_guard
ZNM,C[C@@H]1Cc2c3ccccc3[nH]c2[C@H](N1CC(CO)(F)F)c4c(cc(cc4F)NC5CN(C5)CCCF)F,C[C@@H]1Cc2c([nH]c3ccccc23)[C@@H](c2c(F)cc(NC3CN(CCCF)C3)cc2F)N1CC(F)(F)CO,7.4,6,4.38;4.60;5.46;6.49;8.29;9.82,,pkasolver
ZTW,c1cc(ccc1c2cc3ccc(cc3s2)O)O,Oc1ccc(-c2cc3ccc(O)cc3s2)cc1,7.4,2,10.00;10.00,phenol:2,pkasolver+weak_acid_guard
