pdb_id,het_code,chain,seqid,status,representative,centroid_distance,pocket_rmsd,n_pocket,aligned_mol2,message
4BFQ,083,E,302,kept,True,5.7,1.73,19,4BFQ_083_E302.mol2,
3U8J,09O,D,211,kept,True,0.83,1.03,42,3U8J_09O_D211.mol2,
3U8K,09P,G,211,kept,True,1.77,0.77,40,3U8K_09P_G211.mol2,
4UM1,09P,B,211,kept,True,2.01,0.94,41,4UM1_09P_B211.mol2,
3U8L,09Q,I,211,kept,True,2.52,0.98,42,3U8L_09Q_I211.mol2,
3U8M,09R,G,211,kept,True,1.04,0.8,40,3U8M_09R_G211.mol2,
4UM3,09R,S,301,kept,True,1.27,0.76,45,4UM3_09R_S301.mol2,
3U8N,09S,R,211,kept,True,1.67,0.92,39,3U8N_09S_R211.mol2,
4FRR,0VC,A,301,kept,True,3.66,1.78,13,4FRR_0VC_A301.mol2,
4ZJS,4P0,D,301,kept,True,0.63,1.11,43,4ZJS_4P0_D301.mol2,
6SH0,4P0,E,303,kept,True,0.92,1.59,37,6SH0_4P0_E303.mol2,
4ZK1,4P7,A,303,kept,True,2.05,1.09,37,4ZK1_4P7_A303.mol2,
4ZR6,4QW,A,301,kept,True,0.6,0.9,46,4ZR6_4QW_A301.mol2,
5BW2,4VU,C,301,kept,True,3.77,1.73,12,5BW2_4VU_C301.mol2,
7PD6,7II,FaF,302,kept,True,0.39,0.88,44,7PD6_7II_FaF302.mol2,
5TVC,7LB,E,302,kept,True,2.46,1.52,27,5TVC_7LB_E302.mol2,
5Y2Q,8L3,A,301,kept,True,1.71,1.08,43,5Y2Q_8L3_A301.mol2,
2XZ5,ACH,B,1210,kept,True,1.8,1.78,21,2XZ5_ACH_B1210.mol2,
3WIP,ACH,J,301,kept,True,0.81,0.94,43,3WIP_ACH_J301.mol2,
8SSZ,ACH,D,704,kept,True,0.09,0.12,47,8SSZ_ACH_D704.mol2,
8ST0,ACH,D,702,kept,True,0.1,0.1,47,8ST0_ACH_D702.mol2,
8ST1,ACH,B,703,kept,True,0.15,0.16,47,8ST1_ACH_B703.mol2,
8ST2,ACH,D,704,kept,True,0.17,0.12,47,8ST2_ACH_D704.mol2,
8ST3,ACH,D,704,kept,True,0.1,0.1,47,8ST3_ACH_D704.mol2,
8ST4,ACH,D,704,kept,True,0.0,0.0,47,8ST4_ACH_D704.mol2,
2WNL,AN4,J,300,kept,True,3.08,1.74,14,2WNL_AN4_J300.mol2,
2WNL,AN5,D,300,kept,True,7.95,1.69,16,2WNL_AN5_D300.mol2,
2W8F,BS1,F,1206,kept,True,3.73,1.82,27,2W8F_BS1_F1206.mol2,
2W8G,BS2,A,1206,kept,True,2.94,1.92,24,2W8G_BS2_A1206.mol2,
4BQT,C5E,C,301,kept,True,0.74,1.71,35,4BQT_C5E_C301.mol2,
5SYO,C5E,C,301,kept,True,0.52,1.56,33,5SYO_C5E_C301.mol2,
1UV6,CCE,J,1206,kept,True,0.7,1.13,42,1UV6_CCE_J1206.mol2,
2YME,CWB,A,1207,kept,True,3.73,1.36,37,2YME_CWB_A1207.mol2,
5BP0,FN1,E,301,kept,True,0.56,0.83,44,5BP0_FN1_E301.mol2,
5OAN,GLY,D,601,kept,True,3.2,1.65,18,5OAN_GLY_D601.mol2,
2PH9,GNT,D,301,kept,True,5.31,1.78,17,2PH9_GNT_D301.mol2,
2X00,GYN,E,301,kept,True,5.92,1.65,16,2X00_GYN_E301.mol2,
7DJI,H8U,D,401,kept,True,2.54,0.95,42,7DJI_H8U_D401.mol2,
8Q1M,ILR,C,301,kept,True,5.65,1.63,16,8Q1M_ILR_C301.mol2,
8QX2,ILR,B,301,kept,True,4.26,1.58,14,8QX2_ILR_B301.mol2,
5OBH,J94,A,601,kept,True,4.23,1.62,14,5OBH_J94_A601.mol2,
4QAA,KK1,F,301,kept,True,2.91,0.86,41,4QAA_KK1_F301.mol2,
5AFH,L0B,B,1205,kept,True,3.62,1.25,39,5AFH_L0B_B1205.mol2,
5AFJ,L0B,E,1207,kept,True,2.57,1.3,42,5AFJ_L0B_E1207.mol2,
5AFK,L0B,B,1205,kept,True,3.39,1.1,37,5AFK_L0B_B1205.mol2,
5AFL,L0B,D,1205,kept,True,3.25,1.1,36,5AFL_L0B_D1205.mol2,
5AFM,L0B,B,1207,kept,True,2.92,1.23,40,5AFM_L0B_B1207.mol2,
5AFN,L0B,D,1205,kept,True,3.2,1.25,38,5AFN_L0B_D1205.mol2,
6SGV,LDQ,D,601,kept,True,0.88,1.53,31,6SGV_LDQ_D601.mol2,
2BYS,LOB,B,301,kept,True,3.44,1.69,13,2BYS_LOB_B301.mol2,
4WV9,MD4,A,301,kept,True,3.66,1.76,17,4WV9_MD4_A301.mol2,
2BYR,MLK,C,301,kept,True,5.42,1.6,16,2BYR_MLK_C301.mol2,
3SH1,MLK,E,301,kept,True,6.63,1.65,13,3SH1_MLK_E301.mol2,
3SIO,MLK,A,260,kept,True,4.65,1.55,26,3SIO_MLK_A260.mol2,
3WTN,N2Y,H,301,kept,True,1.13,0.77,46,3WTN_N2Y_H301.mol2,
3WTO,N2Y,A,301,kept,True,0.91,0.85,45,3WTO_N2Y_A301.mol2,
1UW6,NCT,E,1206,kept,True,1.09,0.71,45,1UW6_NCT_E1206.mol2,
5KXI,NCT,D,402,kept,True,0.77,0.54,47,5KXI_NCT_D402.mol2,
5O87,NCT,B,601,kept,True,1.5,1.64,22,5O87_NCT_B601.mol2,
6CNJ,NCT,A,402,kept,True,1.19,0.51,47,6CNJ_NCT_A402.mol2,
6CNK,NCT,B,402,kept,True,1.03,0.55,47,6CNK_NCT_B402.mol2,
4NZB,NSE,B,301,kept,True,0.54,1.1,39,4NZB_NSE_B301.mol2,
9SG3,PHN,A,302,kept,True,1.76,1.14,38,9SG3_PHN_A302.mol2,
4AFT,QMR,B,301,kept,True,0.97,1.65,37,4AFT_QMR_B301.mol2,
5AIN,QMR,A,1207,kept,True,0.96,1.74,21,5AIN_QMR_A1207.mol2,
6UR8,QMR,A,702,kept,True,1.47,0.52,47,6UR8_QMR_A702.mol2,
6USF,QMR,A,502,kept,True,1.64,0.55,47,6USF_QMR_A502.mol2,
2WZY,SQX,F,301,kept,True,3.62,1.7,20,2WZY_SQX_F301.mol2,
2XYS,SY9,C,1206,kept,True,3.21,1.41,34,2XYS_SY9_C1206.mol2,
5O8T,SY9,E,601,kept,True,3.65,1.7,31,5O8T_SY9_E601.mol2,
5OA0,SY9,C,601,kept,True,2.91,0.97,39,5OA0_SY9_C601.mol2,
5OAL,SY9,C,402,kept,True,4.08,1.51,20,5OAL_SY9_C402.mol2,
5OBG,SY9,E,601,kept,True,2.52,1.63,18,5OBG_SY9_E601.mol2,
2XYT,TC9,F,1206,kept,True,4.93,1.74,21,2XYT_TC9_F1206.mol2,
3WTJ,TH4,D,301,kept,True,3.05,1.8,21,3WTJ_TH4_D301.mol2,
5BRX,TI4,D,302,kept,True,4.11,1.59,13,5BRX_TI4_D302.mol2,
4ZRU,TI9,C,302,kept,True,0.93,0.91,43,4ZRU_TI9_C302.mol2,
4ZK4,TII,E,301,kept,True,3.02,1.85,15,4ZK4_TII_E301.mol2,
2WNC,TKT,C,300,kept,True,5.72,1.74,10,2WNC_TKT_C300.mol2,
5OAJ,TKT,E,601,kept,True,4.67,1.72,21,5OAJ_TKT_E601.mol2,
7NDV,U8Q,C,301,kept,True,6.07,1.11,38,7NDV_U8Q_C301.mol2,
7NDP,U8T,J,302,kept,True,3.21,0.95,40,7NDP_U8T_J302.mol2,
2Y56,V11,D,301,kept,True,2.12,1.49,29,2Y56_V11_D301.mol2,
2Y57,V37,D,301,kept,True,2.08,1.6,35,2Y57_V37_D301.mol2,
2Y58,V38,C,301,kept,True,3.65,1.63,34,2Y58_V38_C301.mol2,
2Y54,V63,D,301,kept,True,3.06,1.47,31,2Y54_V63_D301.mol2,
2XNT,VU2,B,301,kept,True,3.31,1.79,31,2XNT_VU2_B301.mol2,
2XNU,VU3,C,1206,kept,True,3.38,1.77,21,2XNU_VU3_C1206.mol2,
2XNV,VU3,D,301,kept,True,3.71,1.86,23,2XNV_VU3_D301.mol2,
8P1F,WCW,G,301,kept,True,0.71,1.12,41,8P1F_WCW_G301.mol2,
8P11,WD5,H,301,kept,True,0.72,0.89,41,8P11_WD5_H301.mol2,
8P22,WNO,C,302,kept,True,5.4,1.36,38,8P22_WNO_C302.mol2,
8QTL,WSP,A,301,kept,True,3.23,1.56,32,8QTL_WSP_A301.mol2,
3ZDH,XRS,A,301,kept,True,1.28,0.95,40,3ZDH_XRS_A301.mol2,
3ZDG,XRX,O,301,kept,True,0.73,1.03,38,3ZDG_XRX_O301.mol2,
4BFQ,083,A,301,off_site,False,8.56,1.86,24,,
4BFQ,083,A,303,off_site,False,28.82,1.93,22,,
4BFQ,083,B,302,off_site,False,30.03,1.77,22,,
4BFQ,083,C,303,off_site,False,29.25,1.75,20,,
4BFQ,083,D,301,off_site,False,8.39,1.75,20,,
4BFQ,083,D,303,off_site,False,29.37,1.73,19,,
4BFQ,083,E,303,off_site,False,29.27,1.86,24,,
4BFQ,083,E,301,off_site,False,8.26,1.73,19,,
4BFQ,083,C,301,off_site,False,8.85,1.77,22,,
3U8K,09P,T,211,off_site,False,29.75,1.21,36,,
3U8L,09Q,B,212,off_site,False,10.58,1.07,41,,
3U8L,09Q,B,213,off_site,False,27.91,0.99,42,,
3U8L,09Q,H,212,off_site,False,33.55,0.98,42,,
3U8L,09Q,H,213,off_site,False,29.37,0.98,42,,
4UM3,09R,O,301,off_site,False,28.91,0.92,44,,
4UM3,09R,n,301,off_site,False,28.91,0.94,44,,
3U8N,09S,D,211,off_site,False,29.37,1.01,36,,
3U8N,09S,C,211,off_site,False,29.3,1.14,36,,
3U8N,09S,T,211,off_site,False,29.31,1.47,11,,
3U8N,09S,O,211,off_site,False,29.42,1.49,11,,
3U8N,09S,M,211,off_site,False,29.56,1.05,39,,
3U8N,09S,L,211,off_site,False,29.2,1.47,11,,
3U8N,09S,J,211,off_site,False,29.29,1.51,10,,
3U8N,09S,E,211,off_site,False,29.39,0.97,38,,
4DBM,0J0,E,306,off_site,False,29.8,1.9,16,,
4DBM,0J0,D,300,off_site,False,29.81,1.89,15,,
4DBM,0J0,C,300,off_site,False,30.19,1.76,19,,
4DBM,0J0,B,300,off_site,False,30.43,1.78,21,,
4DBM,0J0,A,302,off_site,False,29.54,1.8,13,,
4FRR,0VC,E,301,off_site,False,29.59,1.67,17,,
4FRR,0VC,C,301,off_site,False,29.36,1.87,13,,
4FRR,0VC,J,301,off_site,False,30.05,1.7,17,,
4FRR,0VC,H,301,off_site,False,29.62,1.95,14,,
4XHE,40P,A,301,off_site,False,31.56,1.92,18,,
4XHE,40P,B,301,off_site,False,30.94,1.82,15,,
4XHE,40P,C,301,off_site,False,31.1,1.78,13,,
4XHE,40P,D,301,off_site,False,30.97,1.94,17,,
4XHE,40P,I,301,off_site,False,30.95,1.82,15,,
4XHE,40P,J,301,off_site,False,31.78,1.76,19,,
4XHE,40P,H,301,off_site,False,31.82,1.74,18,,
4XHE,40P,G,301,off_site,False,30.87,1.83,16,,
4XHE,40P,F,301,off_site,False,30.9,1.85,15,,
4XHE,40P,E,301,off_site,False,30.92,1.83,15,,
4XK9,41J,A,301,off_site,False,30.86,1.79,13,,
4XK9,41J,C,301,off_site,False,30.6,1.88,16,,
4XK9,41J,D,301,off_site,False,30.99,1.9,14,,
4XK9,41J,E,301,off_site,False,30.98,1.86,17,,
4XK9,41J,F,301,off_site,False,31.14,1.69,13,,
4XK9,41J,G,301,off_site,False,30.88,1.84,14,,
4XK9,41J,I,301,off_site,False,31.05,1.82,16,,
4XK9,41J,J,301,off_site,False,30.78,1.9,16,,
4XK9,41J,H,301,off_site,False,30.94,1.75,15,,
4XK9,41J,B,301,off_site,False,31.12,1.84,16,,
5AFJ,42R,D,1206,off_site,False,11.58,1.35,40,,
5AFJ,42R,E,1205,off_site,False,31.18,1.3,42,,
5AFJ,42R,E,1206,off_site,False,11.16,1.3,42,,
5AFJ,42R,A,1205,off_site,False,31.23,1.33,41,,
5AFJ,42R,A,1206,off_site,False,32.98,1.12,43,,
5AFJ,42R,B,1205,off_site,False,31.42,1.12,43,,
5AFJ,42R,B,1206,off_site,False,11.0,1.12,43,,
5AFJ,42R,C,1205,off_site,False,31.69,1.33,40,,
5AFJ,42R,C,1206,off_site,False,11.82,1.33,40,,
5AFJ,42R,D,1205,off_site,False,31.34,1.35,40,,
6SH0,4P0,A,303,off_site,False,29.69,1.59,37,,
6SH0,4P0,H,304,off_site,False,29.81,1.64,37,,
6SH0,4P0,D,303,off_site,False,29.71,1.65,34,,
4ZJT,4P6,I,303,off_site,False,29.3,1.12,38,,
4ZJT,4P6,J,302,off_site,False,29.22,1.1,38,,
4ZJT,4P6,A,303,off_site,False,29.49,0.98,38,,
4ZJT,4P6,B,302,off_site,False,29.48,0.83,44,,
4ZJT,4P6,C,302,off_site,False,29.43,1.89,23,,
4ZJT,4P6,D,302,off_site,False,29.26,1.1,37,,
4ZJT,4P6,E,301,off_site,False,29.24,1.1,37,,
4ZJT,4P6,F,301,off_site,False,29.35,1.2,39,,
4ZJT,4P6,G,303,off_site,False,29.42,1.67,18,,
4ZJT,4P6,H,301,off_site,False,29.36,1.07,37,,
4ZK1,4P7,I,302,off_site,False,29.28,0.89,41,,
4ZK1,4P7,J,301,off_site,False,29.41,1.09,37,,
4ZK1,4P7,B,302,off_site,False,29.11,1.16,35,,
4ZK1,4P7,D,302,off_site,False,29.43,0.93,40,,
4ZK1,4P7,E,302,off_site,False,29.37,1.09,37,,
4ZK1,4P7,F,303,off_site,False,29.5,1.12,37,,
4ZK1,4P7,G,301,off_site,False,29.37,0.98,37,,
4ZK1,4P7,C,301,off_site,False,29.47,0.99,38,,
4ZK1,4P7,H,303,off_site,False,29.63,0.83,39,,
4ZR6,4QW,E,301,off_site,False,30.34,0.9,46,,
4ZR6,4QW,D,301,off_site,False,30.31,0.94,46,,
4ZR6,4QW,C,301,off_site,False,30.34,0.93,46,,
4ZR6,4QW,B,301,off_site,False,30.31,0.95,38,,
5BW2,4VU,A,301,off_site,False,29.42,1.69,17,,
5BW2,4VU,B,301,off_site,False,28.43,1.68,14,,
5AFK,5VU,A,1207,off_site,False,30.82,1.35,39,,
5AFK,5VU,B,1207,off_site,False,31.0,1.1,37,,
5AFK,5VU,C,1208,off_site,False,30.82,1.32,38,,
5AFK,5VU,D,1206,off_site,False,30.95,1.16,36,,
5AFK,5VU,E,1207,off_site,False,34.45,1.35,39,,
5AFK,5VU,E,1208,off_site,False,30.94,1.29,40,,
5J5G,6GF,F,302,off_site,False,27.86,1.17,42,,
5J5G,6GF,F,303,off_site,False,27.93,0.93,40,,
5J5G,6GF,H,304,off_site,False,27.73,1.12,44,,
5J5G,6GF,I,302,off_site,False,27.93,1.02,41,,
5J5G,6GF,A,304,off_site,False,27.82,0.97,40,,
5J5G,6GF,J,304,off_site,False,27.84,1.06,44,,
5J5G,6GF,C,304,off_site,False,27.92,1.01,41,,
5J5G,6GF,C,305,off_site,False,28.03,1.0,42,,
5J5G,6GF,E,303,off_site,False,27.83,0.98,41,,
5J5G,6GF,E,304,off_site,False,27.96,1.07,44,,
5J5F,6GH,F,305,off_site,False,28.51,1.09,43,,
5J5F,6GH,G,302,off_site,False,28.48,1.02,41,,
5J5F,6GH,H,304,off_site,False,28.61,1.05,44,,
5J5F,6GH,A,303,off_site,False,28.59,1.04,43,,
5J5F,6GH,I,304,off_site,False,28.69,1.04,43,,
5J5F,6GH,B,305,off_site,False,28.72,1.03,43,,
5J5F,6GH,J,302,off_site,False,28.35,1.3,37,,
5J5F,6GH,C,303,off_site,False,28.48,0.9,40,,
5J5F,6GH,D,303,off_site,False,28.55,0.98,42,,
5J5F,6GH,E,302,off_site,False,28.75,1.02,41,,
5J5H,6GK,I,301,off_site,False,28.09,1.06,37,,
5J5H,6GK,A,301,off_site,False,28.38,1.1,40,,
5J5H,6GK,J,301,off_site,False,28.68,1.9,24,,
5J5H,6GK,B,301,off_site,False,28.2,1.03,41,,
5J5H,6GK,C,301,off_site,False,28.41,0.9,41,,
5J5H,6GK,D,302,off_site,False,28.22,1.07,36,,
5J5H,6GK,F,301,off_site,False,28.25,1.02,44,,
5J5H,6GK,D,301,off_site,False,28.36,1.0,43,,
5J5H,6GK,G,302,off_site,False,28.39,1.13,39,,
5J5H,6GK,G,301,off_site,False,28.33,0.97,43,,
5J5I,6GM,E,302,off_site,False,28.23,1.03,41,,
5J5I,6GM,F,302,off_site,False,28.86,1.65,20,,
5J5I,6GM,F,303,off_site,False,28.37,0.94,40,,
5J5I,6GM,A,302,off_site,False,28.45,1.0,41,,
5J5I,6GM,G,302,off_site,False,28.43,1.08,43,,
5J5I,6GM,A,303,off_site,False,28.43,1.05,42,,
5J5I,6GM,B,302,off_site,False,28.46,1.02,42,,
5J5I,6GM,C,302,off_site,False,28.27,1.14,43,,
5J5I,6GM,I,302,off_site,False,28.46,1.02,41,,
5J5I,6GM,I,303,off_site,False,28.29,1.06,42,,
5KE4,6S7,A,301,off_site,False,29.39,1.37,38,,
5KE4,6S7,B,301,off_site,False,29.03,1.73,11,,
5KE4,6S7,C,301,off_site,False,29.37,1.85,14,,
5KE4,6S7,E,301,off_site,False,29.71,1.77,13,,
5KZU,74S,D,302,off_site,False,29.61,1.49,24,,
5LXB,7A9,C,302,off_site,False,29.48,1.71,34,,
5LXB,7A9,D,302,off_site,False,29.41,1.77,31,,
5LXB,7A9,E,302,off_site,False,29.39,1.76,35,,
5LXB,7A9,G,302,off_site,False,29.82,1.55,34,,
5LXB,7A9,H,301,off_site,False,29.41,1.82,33,,
5LXB,7A9,J,302,off_site,False,29.8,1.74,34,,
5LXB,7A9,B,301,off_site,False,29.83,1.71,35,,
7PDB,7IE,EaE,301,off_site,False,28.85,0.91,41,,
7PDB,7IE,DaD,301,off_site,False,29.48,1.94,31,,
7PDB,7IE,CaC,301,off_site,False,28.78,1.03,45,,
7PDB,7IE,BaB,301,off_site,False,28.93,1.03,45,,
7PDB,7IE,AaA,301,off_site,False,29.75,1.9,27,,
7PD6,7II,CaC,301,off_site,False,29.44,1.95,26,,
7PD6,7II,FaF,301,off_site,False,28.49,0.88,44,,
7PD6,7II,GaG,301,off_site,False,28.67,0.82,46,,
7PD6,7II,HaH,301,off_site,False,29.42,1.81,23,,
7PD6,7II,EaE,301,off_site,False,28.56,0.9,44,,
7PD6,7II,DaD,301,off_site,False,28.66,0.77,45,,
7PDR,7JI,BaB,301,off_site,False,29.62,1.78,21,,
7PDR,7JI,CaC,301,off_site,False,28.56,0.95,41,,
7PDR,7JI,DaD,301,off_site,False,28.71,0.95,41,,
7PDR,7JI,EaE,301,off_site,False,28.68,0.85,39,,
7PDR,7JI,EaE,302,off_site,False,28.86,0.96,43,,
5TSF,7KO,E,301,off_site,False,29.52,1.82,16,,
5TSF,7KO,D,301,off_site,False,29.17,1.61,13,,
5TSF,7KO,C,301,off_site,False,29.25,1.72,11,,
5TSF,7KO,A,302,off_site,False,29.0,1.88,11,,
5TSF,7KO,A,301,off_site,False,29.31,1.62,28,,
5TVH,7KO,A,301,off_site,False,28.54,1.98,15,,
5TVH,7KO,B,301,off_site,False,29.22,1.83,13,,
5TVH,7KO,C,301,off_site,False,28.84,1.68,17,,
5TVH,7KO,E,301,off_site,False,29.62,1.84,17,,
5TVH,7KO,C,302,off_site,False,28.94,1.95,12,,
5TVC,7LB,D,302,off_site,False,29.95,1.69,21,,
5TVC,7LB,C,302,off_site,False,29.32,1.77,14,,
5TVC,7LB,B,302,off_site,False,28.82,1.83,13,,
7PE5,7OB,BaB,301,off_site,False,27.91,0.85,39,,
7PE5,7OB,CaC,301,off_site,False,27.83,0.95,40,,
7PE5,7OB,DaD,301,off_site,False,27.98,0.85,40,,
7PE5,7OB,DaD,302,off_site,False,27.83,0.92,39,,
7PE5,7OB,EaE,301,off_site,False,28.73,1.68,21,,
7PE6,7OF,AaA,301,off_site,False,29.77,1.85,26,,
7PE6,7OF,BaB,301,off_site,False,28.77,0.89,40,,
7PE6,7OF,CaC,301,off_site,False,29.03,0.88,39,,
7PE6,7OF,DaD,301,off_site,False,29.04,0.9,42,,
7PE6,7OF,EaE,301,off_site,False,28.94,0.81,38,,
5Y2Q,8L3,C,301,off_site,False,29.51,0.98,42,,
5Y2Q,8L3,B,301,off_site,False,29.33,1.02,45,,
5Y2Q,8L3,D,302,off_site,False,29.21,0.97,42,,
5Y2Q,8L3,D,301,off_site,False,29.68,1.08,43,,
5AFM,9Z0,E,1207,off_site,False,14.51,1.27,37,,
5AFM,9Z0,A,1207,off_site,False,14.37,1.35,39,,
5AFM,9Z0,B,1208,off_site,False,13.66,1.23,40,,
5AFM,9Z0,C,1207,off_site,False,14.54,1.26,37,,
5AFM,9Z0,D,1207,off_site,False,14.31,1.32,39,,
8XSU,A1LW0,A,301,off_site,False,29.24,1.99,27,,
8XSU,A1LW0,B,301,off_site,False,28.94,1.45,14,,
8XSU,A1LW0,C,301,off_site,False,29.34,1.46,14,,
8XSU,A1LW0,D,301,off_site,False,29.23,1.96,27,,
8XSU,A1LW0,E,301,off_site,False,28.98,1.03,42,,
8XSW,A1LW0,A,301,off_site,False,29.58,1.9,24,,
8XSW,A1LW0,B,301,off_site,False,29.56,1.85,27,,
8XSW,A1LW0,C,301,off_site,False,29.42,1.85,23,,
8XSW,A1LW0,D,301,off_site,False,29.28,1.92,25,,
8XSW,A1LW0,E,301,off_site,False,29.47,1.96,26,,
2XZ5,ACH,A,1211,off_site,False,30.42,1.78,21,,
2XZ5,ACH,E,1211,off_site,False,30.47,1.95,20,,
2XZ5,ACH,C,1211,off_site,False,30.72,1.86,19,,
2XZ5,ACH,D,1211,off_site,False,30.48,1.93,17,,
2XZ5,ACH,B,1211,off_site,False,30.42,1.89,21,,
2WNL,AN4,A,300,off_site,False,9.67,1.87,15,,
2WNL,AN5,I,300,off_site,False,29.94,1.99,12,,
2WNL,AN5,F,300,off_site,False,8.86,1.79,14,,
2WNL,AN5,A,301,off_site,False,9.05,1.87,15,,
5OAL,ARG,N,301,off_site,False,43.66,1.87,15,,
2W8G,BS2,E,1206,off_site,False,31.85,1.92,24,,
2W8G,BS2,D,1206,off_site,False,30.91,1.88,26,,
2PGZ,COC,A,401,off_site,False,29.03,1.63,16,,
2PGZ,COC,D,401,off_site,False,30.02,1.75,23,,
2ZJV,CT4,E,301,off_site,False,29.69,1.71,18,,
2ZJV,CT4,D,301,off_site,False,29.18,1.84,16,,
2ZJV,CT4,C,301,off_site,False,29.53,1.55,13,,
2ZJV,CT4,B,301,off_site,False,29.41,1.9,28,,
2ZJV,CT4,A,301,off_site,False,29.86,1.78,26,,
3WTI,CT4,A,301,off_site,False,29.5,1.98,29,,
3WTI,CT4,C,301,off_site,False,29.27,1.76,19,,
3WTI,CT4,D,301,off_site,False,29.68,1.69,20,,
3WTI,CT4,E,301,off_site,False,29.32,1.96,28,,
3WTI,CT4,B,301,off_site,False,29.53,1.89,30,,
3PEO,CU9,J,301,off_site,False,9.47,1.64,16,,
3PEO,CU9,H,301,off_site,False,8.83,1.8,16,,
3PEO,CU9,F,220,off_site,False,29.73,1.73,17,,
3PEO,CU9,F,301,off_site,False,8.56,1.73,17,,
3PEO,CU9,D,301,off_site,False,9.75,1.53,15,,
3PEO,CU9,C,301,off_site,False,9.15,1.86,17,,
3PEO,CU9,B,301,off_site,False,8.77,1.84,17,,
3PEO,CU9,A,301,off_site,False,29.81,1.84,17,,
2YME,CWB,H,1207,off_site,False,29.54,1.49,37,,
2YME,CWB,I,1207,off_site,False,29.3,2.04,25,,
2YME,CWB,B,1207,off_site,False,29.43,1.28,34,,
2YME,CWB,C,1207,off_site,False,29.52,1.67,35,,
2YME,CWB,D,1207,off_site,False,29.29,1.46,34,,
2YME,CWB,E,1207,off_site,False,29.28,1.36,37,,
2YME,CWB,F,1207,off_site,False,29.88,1.52,34,,
2YME,CWB,G,1207,off_site,False,29.15,1.31,35,,
2BYQ,EPJ,A,300,off_site,False,28.09,1.85,14,,
2BYQ,EPJ,B,300,off_site,False,28.27,2.07,22,,
2BYQ,EPJ,C,300,off_site,False,28.37,1.85,15,,
2BYQ,EPJ,D,300,off_site,False,28.36,1.96,17,,
2BYQ,EPJ,E,300,off_site,False,28.48,1.91,15,,
2XZ6,ETM,A,1206,off_site,False,31.29,1.9,19,,
2XZ6,ETM,B,1206,off_site,False,31.65,1.65,16,,
2XZ6,ETM,C,1206,off_site,False,30.35,1.86,24,,
2XZ6,ETM,G,1206,off_site,False,31.98,1.63,16,,
2XZ6,ETM,H,1206,off_site,False,32.19,1.72,17,,
2XZ6,ETM,I,1206,off_site,False,31.64,1.91,21,,
2XZ6,ETM,J,1206,off_site,False,32.39,1.88,20,,
2XZ6,ETM,F,1206,off_site,False,30.59,1.87,18,,
2XZ6,ETM,E,1206,off_site,False,31.92,1.82,18,,
2XZ6,ETM,D,1206,off_site,False,31.91,1.82,19,,
5AFL,FHV,E,1207,off_site,False,30.44,1.26,40,,
5BP0,FN1,A,302,off_site,False,29.59,0.9,39,,
5BP0,FN1,C,302,off_site,False,29.57,0.89,45,,
5BP0,FN1,F,301,off_site,False,29.48,0.89,46,,
5BP0,FN1,H,303,off_site,False,29.25,0.99,46,,
2X00,GYN,D,301,off_site,False,31.65,1.59,15,,
2X00,GYN,C,301,off_site,False,30.81,1.9,14,,
7DJI,H8U,A,401,off_site,False,31.6,1.98,26,,
7DJI,H8U,B,401,off_site,False,30.93,1.17,45,,
7DJI,H8U,C,401,off_site,False,30.86,0.95,42,,
7DJI,H8U,E,401,off_site,False,30.78,1.06,44,,
6QKK,H92,H,401,off_site,False,29.71,1.63,33,,
6QKK,H92,D,401,off_site,False,29.79,1.57,34,,
6QKK,H92,I,401,off_site,False,29.61,1.71,21,,
6QKK,H92,E,302,off_site,False,29.66,1.57,33,,
6QKK,H92,G,401,off_site,False,29.66,1.67,21,,
6QKK,H92,C,401,off_site,False,29.57,1.65,20,,
6QKK,H92,J,302,off_site,False,29.59,1.51,33,,
6QKK,H92,F,401,off_site,False,29.53,1.72,21,,
6QKK,H92,B,401,off_site,False,29.43,1.69,21,,
6QKK,H92,A,401,off_site,False,29.44,1.84,20,,
2ZJU,IM4,A,301,off_site,False,29.47,1.8,20,,
2ZJU,IM4,C,301,off_site,False,29.71,1.61,19,,
2ZJU,IM4,D,301,off_site,False,29.2,1.66,18,,
2ZJU,IM4,D,302,off_site,False,29.67,1.71,19,,
2ZJU,IM4,E,301,off_site,False,29.38,1.88,21,,
3C79,IM4,D,304,off_site,False,27.94,1.94,17,,
3C79,IM4,C,303,off_site,False,28.19,1.97,16,,
3C79,IM4,B,302,off_site,False,28.1,1.77,16,,
3C79,IM4,A,301,off_site,False,28.84,1.72,15,,
3WTH,IM4,A,301,off_site,False,29.3,1.85,19,,
3WTH,IM4,B,301,off_site,False,29.65,1.69,20,,
3WTH,IM4,C,301,off_site,False,29.18,1.76,19,,
3WTH,IM4,D,301,off_site,False,29.42,1.83,21,,
3WTH,IM4,E,301,off_site,False,29.51,1.89,21,,
4ALX,IZN,G,400,off_site,False,29.27,1.04,37,,
4ALX,IZN,F,400,off_site,False,29.23,1.09,36,,
4ALX,IZN,E,400,off_site,False,28.03,1.61,31,,
4ALX,IZN,D,400,off_site,False,29.09,1.06,37,,
4ALX,IZN,C,400,off_site,False,29.22,1.02,36,,
4ALX,IZN,B,400,off_site,False,29.38,1.08,36,,
4ALX,IZN,A,400,off_site,False,29.2,1.07,36,,
4ALX,IZN,J,400,off_site,False,29.49,1.04,36,,
4ALX,IZN,I,400,off_site,False,29.04,1.14,39,,
4ALX,IZN,H,400,off_site,False,29.27,1.02,36,,
5OBH,J94,E,601,off_site,False,31.01,1.62,14,,
5OBH,J94,B,601,off_site,False,30.11,1.7,18,,
6QQO,JC8,F,301,off_site,False,29.33,1.79,20,,
6QQO,JC8,I,301,off_site,False,29.53,1.55,30,,
6QQO,JC8,E,303,off_site,False,29.68,1.54,32,,
6QQO,JC8,B,301,off_site,False,29.57,1.57,30,,
6QQO,JC8,H,301,off_site,False,29.69,1.7,32,,
6QQO,JC8,A,301,off_site,False,29.73,1.62,32,,
6QQO,JC8,D,301,off_site,False,29.47,1.75,20,,
6QQO,JC8,G,301,off_site,False,29.78,1.62,32,,
6QQO,JC8,J,302,off_site,False,29.64,1.56,30,,
6QQO,JC8,C,301,off_site,False,29.33,1.77,18,,
6QQP,JCW,C,301,off_site,False,30.05,1.69,37,,
6QQP,JCW,J,301,off_site,False,29.96,1.73,37,,
6QQP,JCW,G,301,off_site,False,30.05,1.79,35,,
6QQP,JCW,D,301,off_site,False,29.9,1.71,23,,
6QQP,JCW,A,301,off_site,False,30.05,1.76,35,,
6QQP,JCW,H,301,off_site,False,29.95,1.78,37,,
6QQP,JCW,I,301,off_site,False,30.08,1.78,33,,
6QQP,JCW,F,301,off_site,False,29.96,1.73,38,,
6QQP,JCW,B,301,off_site,False,30.11,1.79,34,,
6QQP,JCW,E,301,off_site,False,30.01,1.74,35,,
4QAA,KK1,E,301,off_site,False,32.02,0.86,40,,
4QAA,KK1,A,301,off_site,False,32.07,0.97,28,,
4QAA,KK1,G,301,off_site,False,29.95,0.87,42,,
4QAA,KK1,C,301,off_site,False,31.19,0.97,45,,
4QAA,KK1,I,301,off_site,False,31.79,0.8,37,,
4QAA,KK1,J,301,off_site,False,29.93,0.86,41,,
4QAA,KK1,B,301,off_site,False,31.53,0.85,40,,
4QAB,KK2,G,301,off_site,False,30.01,0.97,37,,
4QAB,KK2,H,301,off_site,False,30.2,0.94,45,,
4QAB,KK2,J,301,off_site,False,30.4,0.97,45,,
4QAB,KK2,B,301,off_site,False,30.15,0.87,40,,
4QAB,KK2,E,301,off_site,False,30.18,0.95,46,,
4QAB,KK2,F,301,off_site,False,30.18,0.9,45,,
4QAB,KK2,D,301,off_site,False,30.26,1.03,37,,
4QAB,KK2,C,301,off_site,False,30.47,0.97,45,,
4QAB,KK2,A,301,off_site,False,30.09,0.97,35,,
4QAB,KK2,I,301,off_site,False,30.17,0.92,40,,
4QAC,KK3,E,302,off_site,False,30.06,0.97,46,,
4QAC,KK3,D,304,off_site,False,30.18,1.02,39,,
4QAC,KK3,C,301,off_site,False,30.18,1.14,44,,
4QAC,KK3,B,303,off_site,False,30.19,0.96,46,,
4QAC,KK3,A,304,off_site,False,30.19,0.93,45,,
4QAC,KK3,J,302,off_site,False,30.24,0.96,46,,
4QAC,KK3,I,304,off_site,False,30.13,1.04,39,,
4QAC,KK3,H,303,off_site,False,30.09,0.96,46,,
4QAC,KK3,G,302,off_site,False,30.36,0.94,44,,
4QAC,KK3,F,304,off_site,False,29.98,0.88,45,,
5AFJ,L0B,B,1207,off_site,False,30.07,1.33,40,,
6SGV,LDQ,J,601,off_site,False,30.13,1.6,33,,
6SGV,LDQ,E,302,off_site,False,29.94,1.53,31,,
4WV9,MD4,D,301,off_site,False,31.04,1.84,23,,
6T9R,MXQ,CCC,301,off_site,False,29.64,1.81,33,,
6T9R,MXQ,FFF,301,off_site,False,29.61,1.8,33,,
6T9R,MXQ,III,301,off_site,False,29.68,1.67,35,,
6T9R,MXQ,AAA,301,off_site,False,29.49,1.65,31,,
6T9R,MXQ,DDD,503,off_site,False,28.63,1.83,14,,
6T9R,MXQ,GGG,2602,off_site,False,29.57,1.78,29,,
6T9R,MXQ,JJJ,301,off_site,False,29.41,1.12,38,,
6T9R,MXQ,BBB,301,off_site,False,29.62,1.78,33,,
6T9R,MXQ,EEE,4202,off_site,False,29.6,1.74,27,,
6T9R,MXQ,HHH,402,off_site,False,29.64,1.75,32,,
3WTL,N1Y,E,301,off_site,False,29.37,1.8,19,,
3WTL,N1Y,D,301,off_site,False,29.41,1.68,19,,
3WTL,N1Y,C,301,off_site,False,28.92,1.78,15,,
3WTL,N1Y,B,301,off_site,False,29.67,1.74,22,,
3WTL,N1Y,A,301,off_site,False,29.58,1.6,15,,
3WTM,N1Y,A,301,off_site,False,29.48,1.95,28,,
3WTM,N1Y,C,301,off_site,False,29.59,1.84,27,,
3WTM,N1Y,D,301,off_site,False,29.03,1.76,17,,
3WTM,N1Y,E,301,off_site,False,29.35,1.84,26,,
3WTM,N1Y,B,301,off_site,False,29.05,1.0,44,,
3WTN,N2Y,J,301,off_site,False,29.39,0.8,46,,
3WTN,N2Y,E,301,off_site,False,29.6,0.85,44,,
3WTN,N2Y,I,301,off_site,False,29.48,0.8,46,,
3WTN,N2Y,D,301,off_site,False,29.39,0.72,45,,
3WTN,N2Y,A,301,off_site,False,29.38,0.84,46,,
3WTN,N2Y,G,301,off_site,False,29.41,0.77,46,,
3WTN,N2Y,C,301,off_site,False,29.43,0.91,45,,
3WTN,N2Y,F,301,off_site,False,29.49,0.85,44,,
3WTO,N2Y,E,301,off_site,False,29.61,0.85,45,,
3WTO,N2Y,D,301,off_site,False,29.56,0.87,46,,
1UW6,NCT,A,1208,off_site,False,29.21,0.9,45,,
1UW6,NCT,N,1208,off_site,False,29.02,0.76,45,,
5O87,NCT,F,601,off_site,False,29.32,1.85,23,,
5O87,NCT,I,601,off_site,False,29.26,1.85,23,,
5O87,NCT,D,601,off_site,False,29.33,1.79,21,,
5O87,NCT,J,601,off_site,False,29.35,1.83,24,,
5O87,NCT,E,601,off_site,False,29.38,1.92,20,,
5O87,NCT,H,601,off_site,False,29.17,1.92,23,,
4NZB,NSE,M,301,off_site,False,10.66,1.77,19,,
4NZB,NSE,K,301,off_site,False,30.0,1.1,39,,
4NZB,NSE,A,301,off_site,False,30.01,1.1,39,,
4NZB,NSE,I,301,off_site,False,30.56,1.02,41,,
8SSZ,OCT,E,502,off_site,False,103.78,1.27,38,,
8ST0,OCT,A,703,off_site,False,103.99,1.38,38,,
5AFN,OJD,E,1215,off_site,False,15.18,1.31,41,,
5AFN,OJD,A,1215,off_site,False,15.31,1.38,40,,
5AFN,OJD,B,1217,off_site,False,14.84,1.32,38,,
5AFN,OJD,C,1215,off_site,False,15.4,1.27,37,,
5AFN,OJD,D,1215,off_site,False,15.31,1.25,38,,
6QKK,OXL,B,403,off_site,False,17.01,1.84,20,,
9SG3,PHN,F,301,off_site,False,29.11,1.35,37,,
5AIN,QMR,B,1207,off_site,False,29.92,1.84,17,,
5AIN,QMR,E,1207,off_site,False,29.81,1.74,21,,
2YMD,SRO,E,1213,off_site,False,28.28,1.5,25,,
2YMD,SRO,F,1214,off_site,False,28.35,1.44,26,,
2YMD,SRO,G,1213,off_site,False,28.72,1.4,33,,
2YMD,SRO,A,1213,off_site,False,28.78,0.97,41,,
2YMD,SRO,H,1206,off_site,False,28.26,1.49,21,,
2YMD,SRO,I,1213,off_site,False,28.35,1.49,22,,
2YMD,SRO,B,1212,off_site,False,28.38,1.52,25,,
2YMD,SRO,J,1213,off_site,False,28.44,1.49,22,,
2YMD,SRO,C,1213,off_site,False,28.24,1.44,22,,
2YMD,SRO,D,1214,off_site,False,28.3,1.43,22,,
2XYS,SY9,E,1207,off_site,False,29.74,1.5,32,,
5OAL,SY9,K,402,off_site,False,30.86,1.56,22,,
5OAL,SY9,D,401,off_site,False,30.95,1.52,32,,
5OAL,SY9,E,401,off_site,False,31.23,1.56,19,,
5OAL,SY9,G,401,off_site,False,30.84,1.93,13,,
5OAL,SY9,H,301,off_site,False,30.43,1.57,20,,
5OAL,SY9,J,401,off_site,False,30.53,1.48,19,,
2XYT,TC9,D,1206,off_site,False,30.44,1.89,26,,
2XYT,TC9,G,1206,off_site,False,30.31,1.94,27,,
2XYT,TC9,H,1206,off_site,False,30.76,1.83,27,,
2XYT,TC9,B,1206,off_site,False,9.03,1.83,27,,
3C84,TH4,D,304,off_site,False,29.16,1.92,17,,
3C84,TH4,C,303,off_site,False,27.87,1.81,16,,
3C84,TH4,B,302,off_site,False,28.71,2.04,16,,
3C84,TH4,A,301,off_site,False,29.27,1.8,25,,
3WTJ,TH4,A,301,off_site,False,30.09,1.92,20,,
3WTJ,TH4,C,301,off_site,False,29.93,1.8,21,,
3WTJ,TH4,E,301,off_site,False,29.86,1.95,22,,
3WTK,TH4,B,301,off_site,False,29.38,1.8,21,,
3WTK,TH4,C,301,off_site,False,29.5,1.67,21,,
3WTK,TH4,D,301,off_site,False,28.89,1.79,19,,
3WTK,TH4,E,301,off_site,False,29.4,1.66,20,,
3WTK,TH4,A,301,off_site,False,29.35,1.91,21,,
5BRX,TI4,A,303,off_site,False,30.31,1.71,12,,
4ZK4,TII,C,301,off_site,False,30.03,1.87,11,,
2WNC,TKT,E,300,off_site,False,27.83,1.94,16,,
2WNC,TKT,D,300,off_site,False,27.55,1.74,10,,
2WNC,TKT,B,300,off_site,False,27.85,1.74,13,,
2WNC,TKT,A,300,off_site,False,28.14,1.79,13,,
5OAJ,TKT,J,302,off_site,False,28.5,1.8,20,,
3PMZ,TUB,E,220,off_site,False,8.39,2.03,14,,
7NDV,U8Q,E,301,off_site,False,29.84,1.17,40,,
7NDV,U8Q,F,303,off_site,False,29.54,1.26,39,,
7NDV,U8Q,H,301,off_site,False,8.08,1.87,15,,
7NDV,U8Q,D,301,off_site,False,29.95,1.15,40,,
7NDV,U8Q,I,301,off_site,False,29.76,1.14,40,,
7NDP,U8T,D,303,off_site,False,29.91,1.16,38,,
2Y58,V38,E,301,off_site,False,30.92,1.66,34,,
2Y58,V38,D,301,off_site,False,30.65,1.69,37,,
2Y58,V38,B,301,off_site,False,30.24,1.63,34,,
2Y58,V38,A,301,off_site,False,30.78,1.75,34,,
2Y54,V63,E,301,off_site,False,29.52,1.66,32,,
2Y54,V63,C,301,off_site,False,29.64,1.47,31,,
2Y54,V63,B,301,off_site,False,29.5,1.46,31,,
8P1E,WD2,E,301,off_site,False,29.89,1.1,40,,
8P1E,WD2,J,301,off_site,False,29.94,1.11,39,,
8P11,WD5,D,301,off_site,False,29.65,1.08,38,,
8P11,WD5,F,301,off_site,False,29.41,1.49,10,,
8P11,WD5,G,301,off_site,False,29.1,0.89,41,,
8P22,WNO,I,301,off_site,False,28.29,0.94,42,,
8P22,WNO,G,301,off_site,False,28.72,1.47,39,,
8P22,WNO,F,301,off_site,False,27.8,0.93,42,,
8P22,WNO,E,301,off_site,False,28.32,0.89,42,,
8P22,WNO,D,301,off_site,False,28.19,1.02,42,,
8P22,WNO,C,301,off_site,False,28.38,1.36,38,,
8P22,WNO,A,301,off_site,False,28.12,0.88,44,,
3ZDH,XRS,J,301,off_site,False,29.44,1.06,41,,
3ZDH,XRS,I,301,off_site,False,29.39,1.1,41,,
3ZDH,XRS,F,301,off_site,False,29.36,1.09,41,,
3ZDH,XRS,E,301,off_site,False,29.49,0.95,40,,
3ZDH,XRS,B,301,off_site,False,29.4,0.96,37,,
2WN9,ZY5,E,301,off_site,False,28.5,1.85,12,,
2WN9,ZY5,D,301,off_site,False,29.02,1.8,11,,
2WN9,ZY5,C,301,off_site,False,30.56,1.85,19,,
2WN9,ZY5,B,301,off_site,False,29.64,1.95,14,,
2WN9,ZY5,A,301,off_site,False,30.14,1.84,16,,
2WNJ,ZY7,E,301,off_site,False,28.17,1.76,15,,
2WNJ,ZY7,D,301,off_site,False,29.2,1.6,33,,
2WNJ,ZY7,C,301,off_site,False,28.09,1.84,14,,
2WNJ,ZY7,B,301,off_site,False,27.54,1.65,12,,
2WNJ,ZY7,A,301,off_site,False,28.56,1.57,27,,
4BFQ,083,A,302,symmetry_dup,False,5.78,1.86,24,,
4BFQ,083,B,301,symmetry_dup,False,6.52,1.93,22,,
4BFQ,083,C,302,symmetry_dup,False,5.76,1.77,22,,
4BFQ,083,D,302,symmetry_dup,False,5.79,1.75,20,,
3U8J,09O,B,211,symmetry_dup,False,1.86,1.5,33,,
3U8J,09O,A,211,symmetry_dup,False,2.75,1.42,11,,
3U8J,09O,C,211,symmetry_dup,False,0.73,1.05,38,,
3U8J,09O,E,211,symmetry_dup,False,0.69,1.07,39,,
3U8J,09O,F,211,symmetry_dup,False,0.63,1.06,38,,
3U8J,09O,G,211,symmetry_dup,False,0.74,1.08,39,,
3U8J,09O,J,211,symmetry_dup,False,0.75,1.11,40,,
3U8J,09O,I,211,symmetry_dup,False,0.55,1.05,37,,
3U8J,09O,H,211,symmetry_dup,False,0.57,1.11,39,,
3U8K,09P,E,211,symmetry_dup,False,1.7,0.93,39,,
3U8K,09P,F,211,symmetry_dup,False,2.26,1.58,10,,
3U8K,09P,H,211,symmetry_dup,False,3.02,1.53,30,,
3U8K,09P,I,211,symmetry_dup,False,1.52,0.95,37,,
3U8K,09P,J,211,symmetry_dup,False,1.65,0.93,39,,
3U8K,09P,K,211,symmetry_dup,False,2.57,1.78,11,,
3U8K,09P,L,211,symmetry_dup,False,1.7,0.93,38,,
3U8K,09P,M,211,symmetry_dup,False,3.33,1.59,25,,
3U8K,09P,N,211,symmetry_dup,False,1.88,1.19,34,,
3U8K,09P,O,211,symmetry_dup,False,1.7,1.0,40,,
3U8K,09P,P,211,symmetry_dup,False,1.61,1.21,36,,
3U8K,09P,Q,211,symmetry_dup,False,1.55,1.17,36,,
3U8K,09P,B,211,symmetry_dup,False,1.75,1.01,40,,
3U8K,09P,R,211,symmetry_dup,False,1.62,1.14,36,,
3U8K,09P,C,211,symmetry_dup,False,1.65,0.98,40,,
3U8K,09P,D,211,symmetry_dup,False,2.68,1.75,11,,
3U8K,09P,S,211,symmetry_dup,False,1.62,0.95,35,,
3U8K,09P,A,211,symmetry_dup,False,1.81,1.02,34,,
4UM1,09P,E,211,symmetry_dup,False,1.85,1.05,40,,
4UM1,09P,D,211,symmetry_dup,False,2.12,0.96,43,,
4UM1,09P,C,211,symmetry_dup,False,1.73,1.05,39,,
4UM1,09P,A,211,symmetry_dup,False,1.98,0.94,41,,
3U8L,09Q,J,211,symmetry_dup,False,2.38,1.37,11,,
3U8L,09Q,A,211,symmetry_dup,False,2.62,1.07,41,,
3U8L,09Q,E,211,symmetry_dup,False,2.68,1.88,15,,
3U8L,09Q,F,211,symmetry_dup,False,2.63,1.04,41,,
3U8L,09Q,G,211,symmetry_dup,False,2.68,1.01,40,,
3U8L,09Q,H,211,symmetry_dup,False,2.53,1.01,39,,
3U8L,09Q,D,211,symmetry_dup,False,2.59,1.0,42,,
3U8L,09Q,C,211,symmetry_dup,False,2.49,1.04,42,,
3U8L,09Q,B,211,symmetry_dup,False,2.44,0.99,42,,
3U8M,09R,D,211,symmetry_dup,False,1.03,0.83,40,,
3U8M,09R,E,211,symmetry_dup,False,0.9,1.07,33,,
3U8M,09R,F,211,symmetry_dup,False,2.93,1.49,14,,
3U8M,09R,H,211,symmetry_dup,False,1.02,1.0,44,,
3U8M,09R,I,211,symmetry_dup,False,2.72,1.55,10,,
3U8M,09R,J,211,symmetry_dup,False,0.94,0.93,39,,
3U8M,09R,K,211,symmetry_dup,False,2.48,1.73,13,,
3U8M,09R,L,211,symmetry_dup,False,2.7,1.51,14,,
3U8M,09R,A,211,symmetry_dup,False,2.62,1.57,15,,
3U8M,09R,M,211,symmetry_dup,False,1.02,0.97,40,,
3U8M,09R,N,211,symmetry_dup,False,0.83,0.94,39,,
3U8M,09R,B,211,symmetry_dup,False,0.89,0.96,40,,
3U8M,09R,O,211,symmetry_dup,False,0.84,1.02,39,,
3U8M,09R,P,211,symmetry_dup,False,0.99,0.93,41,,
3U8M,09R,C,211,symmetry_dup,False,2.59,1.56,15,,
3U8M,09R,Q,211,symmetry_dup,False,0.79,1.07,41,,
3U8M,09R,T,211,symmetry_dup,False,0.82,0.98,40,,
3U8M,09R,S,211,symmetry_dup,False,0.97,0.94,42,,
3U8M,09R,R,211,symmetry_dup,False,0.99,0.97,41,,
4UM3,09R,L,301,symmetry_dup,False,1.01,0.89,41,,
4UM3,09R,i,301,symmetry_dup,False,1.01,0.92,44,,
4UM3,09R,M,301,symmetry_dup,False,1.06,0.92,43,,
4UM3,09R,j,301,symmetry_dup,False,1.08,0.94,44,,
4UM3,09R,N,301,symmetry_dup,False,1.13,0.89,46,,
4UM3,09R,k,301,symmetry_dup,False,0.98,0.87,42,,
4UM3,09R,l,301,symmetry_dup,False,1.14,0.93,45,,
4UM3,09R,m,301,symmetry_dup,False,1.17,0.9,43,,
4UM3,09R,P,301,symmetry_dup,False,2.96,1.44,14,,
4UM3,09R,Q,301,symmetry_dup,False,0.92,0.81,41,,
4UM3,09R,R,301,symmetry_dup,False,1.15,0.91,42,,
4UM3,09R,T,301,symmetry_dup,False,0.8,1.0,36,,
4UM3,09R,U,301,symmetry_dup,False,1.16,0.88,44,,
4UM3,09R,V,302,symmetry_dup,False,1.04,1.01,42,,
4UM3,09R,W,301,symmetry_dup,False,1.04,0.95,43,,
4UM3,09R,A,301,symmetry_dup,False,2.88,1.44,14,,
4UM3,09R,X,301,symmetry_dup,False,1.13,0.89,44,,
4UM3,09R,Y,301,symmetry_dup,False,1.01,0.83,41,,
4UM3,09R,B,301,symmetry_dup,False,1.09,0.8,41,,
4UM3,09R,Z,301,symmetry_dup,False,1.09,0.99,44,,
4UM3,09R,C,301,symmetry_dup,False,2.79,1.44,14,,
4UM3,09R,a,301,symmetry_dup,False,1.05,0.87,42,,
4UM3,09R,D,301,symmetry_dup,False,0.96,0.93,42,,
4UM3,09R,b,301,symmetry_dup,False,1.05,0.92,44,,
4UM3,09R,E,301,symmetry_dup,False,1.08,0.91,45,,
4UM3,09R,c,301,symmetry_dup,False,1.26,0.89,46,,
4UM3,09R,F,301,symmetry_dup,False,0.96,0.96,42,,
4UM3,09R,d,301,symmetry_dup,False,1.0,0.91,40,,
4UM3,09R,G,301,symmetry_dup,False,1.03,0.89,43,,
4UM3,09R,H,301,symmetry_dup,False,1.04,0.83,42,,
4UM3,09R,f,301,symmetry_dup,False,0.98,0.92,43,,
4UM3,09R,I,301,symmetry_dup,False,1.19,0.89,44,,
4UM3,09R,f,302,symmetry_dup,False,0.95,0.94,41,,
4UM3,09R,J,301,symmetry_dup,False,0.89,1.01,42,,
4UM3,09R,g,301,symmetry_dup,False,1.09,0.92,44,,
4UM3,09R,K,301,symmetry_dup,False,1.07,0.92,44,,
4UM3,09R,h,301,symmetry_dup,False,0.94,0.95,42,,
3U8N,09S,B,211,symmetry_dup,False,1.52,1.14,37,,
3U8N,09S,A,211,symmetry_dup,False,1.65,0.97,38,,
3U8N,09S,S,211,symmetry_dup,False,2.5,1.72,11,,
3U8N,09S,Q,211,symmetry_dup,False,2.45,1.69,11,,
3U8N,09S,P,211,symmetry_dup,False,2.23,1.47,11,,
3U8N,09S,N,211,symmetry_dup,False,1.67,1.05,39,,
3U8N,09S,K,211,symmetry_dup,False,2.19,1.49,11,,
3U8N,09S,I,211,symmetry_dup,False,2.53,1.72,11,,
3U8N,09S,H,211,symmetry_dup,False,1.71,0.93,38,,
3U8N,09S,G,211,symmetry_dup,False,1.71,0.96,38,,
3U8N,09S,F,211,symmetry_dup,False,2.21,1.51,10,,
4FRR,0VC,F,301,symmetry_dup,False,3.8,1.78,13,,
4ZJS,4P0,B,301,symmetry_dup,False,0.89,1.28,44,,
4ZJS,4P0,E,301,symmetry_dup,False,0.7,1.22,43,,
6SH0,4P0,F,306,symmetry_dup,False,0.87,1.63,36,,
6SH0,4P0,G,302,symmetry_dup,False,0.89,1.64,37,,
6SH0,4P0,I,303,symmetry_dup,False,1.73,1.72,24,,
6SH0,4P0,B,304,symmetry_dup,False,2.01,1.94,19,,
6SH0,4P0,J,302,symmetry_dup,False,2.38,1.98,14,,
6SH0,4P0,C,304,symmetry_dup,False,1.04,1.65,34,,
5BW2,4VU,D,301,symmetry_dup,False,2.65,1.95,15,,
7PD6,7II,AaA,301,symmetry_dup,False,0.4,0.9,44,,
7PD6,7II,BaB,301,symmetry_dup,False,0.54,0.92,46,,
2XZ5,ACH,A,1210,symmetry_dup,False,2.46,1.86,19,,
2XZ5,ACH,D,1210,symmetry_dup,False,2.25,1.95,20,,
2XZ5,ACH,C,1210,symmetry_dup,False,2.65,1.93,17,,
2XZ5,ACH,E,1210,symmetry_dup,False,2.17,1.89,21,,
3WIP,ACH,F,301,symmetry_dup,False,0.85,1.17,35,,
3WIP,ACH,G,301,symmetry_dup,False,0.48,1.12,39,,
3WIP,ACH,A,301,symmetry_dup,False,0.58,1.11,38,,
3WIP,ACH,H,301,symmetry_dup,False,0.55,1.09,43,,
3WIP,ACH,B,301,symmetry_dup,False,1.69,1.61,36,,
3WIP,ACH,C,301,symmetry_dup,False,0.82,0.95,46,,
3WIP,ACH,D,301,symmetry_dup,False,0.75,0.97,45,,
3WIP,ACH,E,301,symmetry_dup,False,0.73,0.94,38,,
3WIP,ACH,I,301,symmetry_dup,False,0.73,0.95,39,,
8SSZ,ACH,A,704,symmetry_dup,False,0.12,0.13,47,,
8ST0,ACH,A,702,symmetry_dup,False,0.14,0.12,47,,
8ST1,ACH,D,703,symmetry_dup,False,0.25,0.16,47,,
8ST1,ACH,A,703,symmetry_dup,False,0.34,0.51,47,,
8ST2,ACH,B,704,symmetry_dup,False,0.13,0.13,47,,
8ST2,ACH,A,704,symmetry_dup,False,0.24,0.48,47,,
8ST3,ACH,A,704,symmetry_dup,False,0.17,0.11,47,,
8ST4,ACH,A,704,symmetry_dup,False,0.1,0.1,47,,
2WNL,AN4,G,300,symmetry_dup,False,2.79,1.92,17,,
2WNL,AN4,E,300,symmetry_dup,False,3.23,1.77,16,,
2WNL,AN4,B,300,symmetry_dup,False,2.88,1.84,16,,
2W8F,BS1,A,1206,symmetry_dup,False,3.59,1.85,26,,
4BQT,C5E,A,301,symmetry_dup,False,1.08,1.74,26,,
4BQT,C5E,B,301,symmetry_dup,False,0.86,1.74,34,,
4BQT,C5E,D,301,symmetry_dup,False,1.33,1.93,21,,
4BQT,C5E,E,301,symmetry_dup,False,1.23,1.77,26,,
5SYO,C5E,E,301,symmetry_dup,False,3.43,1.9,14,,
1UV6,CCE,C,1206,symmetry_dup,False,0.65,1.15,41,,
1UV6,CCE,D,1206,symmetry_dup,False,0.69,1.13,42,,
2YME,CWB,J,1207,symmetry_dup,False,5.04,2.04,25,,
5BP0,FN1,J,303,symmetry_dup,False,0.2,1.15,37,,
5BP0,FN1,B,303,symmetry_dup,False,0.23,0.9,39,,
5BP0,FN1,D,302,symmetry_dup,False,0.18,0.89,45,,
5OAN,GLY,B,601,symmetry_dup,False,3.03,1.76,21,,
5OAN,GLY,C,601,symmetry_dup,False,4.44,1.7,20,,
5OAN,GLY,E,302,symmetry_dup,False,4.56,1.87,17,,
2PH9,GNT,A,301,symmetry_dup,False,5.26,1.88,16,,
2PH9,GNT,C,301,symmetry_dup,False,5.75,1.89,12,,
2PH9,GNT,E,301,symmetry_dup,False,5.05,1.88,18,,
2X00,GYN,B,301,symmetry_dup,False,5.59,1.9,14,,
2X00,GYN,A,301,symmetry_dup,False,6.03,1.93,14,,
8Q1M,ILR,A,301,symmetry_dup,False,4.19,1.87,19,,
8Q1M,ILR,A,303,symmetry_dup,False,5.15,1.72,15,,
8Q1M,ILR,B,301,symmetry_dup,False,5.77,1.7,13,,
8Q1M,ILR,D,301,symmetry_dup,False,3.8,1.7,26,,
8QX2,ILR,A,301,symmetry_dup,False,5.54,1.9,13,,
8QX2,ILR,D,301,symmetry_dup,False,5.2,1.91,16,,
8QX2,ILR,E,301,symmetry_dup,False,4.69,1.71,15,,
8QX2,ILR,C,301,symmetry_dup,False,4.91,1.88,13,,
5OBH,J94,D,601,symmetry_dup,False,2.99,1.73,13,,
5OBH,J94,C,601,symmetry_dup,False,4.11,1.7,18,,
4QAA,KK1,D,301,symmetry_dup,False,2.94,0.97,45,,
4QAA,KK1,H,301,symmetry_dup,False,0.53,0.87,42,,
5AFH,L0B,A,1205,symmetry_dup,False,3.63,1.33,42,,
5AFH,L0B,C,1205,symmetry_dup,False,3.32,1.35,41,,
5AFH,L0B,E,1205,symmetry_dup,False,2.65,1.26,42,,
5AFH,L0B,D,1205,symmetry_dup,False,2.95,1.28,38,,
5AFJ,L0B,D,1207,symmetry_dup,False,3.14,1.35,40,,
5AFJ,L0B,A,1207,symmetry_dup,False,2.79,1.33,41,,
5AFJ,L0B,C,1207,symmetry_dup,False,3.2,1.33,40,,
5AFK,L0B,A,1205,symmetry_dup,False,3.07,1.35,39,,
5AFK,L0B,C,1205,symmetry_dup,False,3.25,1.32,38,,
5AFK,L0B,D,1205,symmetry_dup,False,3.2,1.16,36,,
5AFK,L0B,E,1205,symmetry_dup,False,2.71,1.29,40,,
5AFL,L0B,A,1205,symmetry_dup,False,3.12,1.35,40,,
5AFL,L0B,C,1205,symmetry_dup,False,3.26,1.15,38,,
5AFL,L0B,C,1206,symmetry_dup,False,3.26,1.35,40,,
5AFL,L0B,E,1205,symmetry_dup,False,2.6,1.26,40,,
5AFM,L0B,E,1205,symmetry_dup,False,3.41,1.27,37,,
5AFM,L0B,A,1205,symmetry_dup,False,3.02,1.35,39,,
5AFM,L0B,C,1205,symmetry_dup,False,3.01,1.26,37,,
5AFM,L0B,D,1205,symmetry_dup,False,3.13,1.32,39,,
5AFN,L0B,E,1205,symmetry_dup,False,2.7,1.31,41,,
5AFN,L0B,A,1205,symmetry_dup,False,3.01,1.38,40,,
5AFN,L0B,C,1205,symmetry_dup,False,3.1,1.27,37,,
5AFN,L0B,B,1207,symmetry_dup,False,2.94,1.32,38,,
6SGV,LDQ,I,302,symmetry_dup,False,0.83,1.6,33,,
6SGV,LDQ,H,601,symmetry_dup,False,1.68,1.71,21,,
6SGV,LDQ,G,601,symmetry_dup,False,0.76,1.63,34,,
6SGV,LDQ,F,601,symmetry_dup,False,0.87,1.68,32,,
6SGV,LDQ,C,302,symmetry_dup,False,0.82,1.55,33,,
6SGV,LDQ,B,601,symmetry_dup,False,0.84,1.62,32,,
6SGV,LDQ,A,302,symmetry_dup,False,0.79,1.61,34,,
2BYS,LOB,A,301,symmetry_dup,False,2.14,2.15,21,,
2BYS,LOB,C,301,symmetry_dup,False,2.01,1.99,23,,
2BYS,LOB,D,301,symmetry_dup,False,3.17,1.82,13,,
2BYS,LOB,E,301,symmetry_dup,False,3.38,1.89,15,,
2BYS,LOB,F,301,symmetry_dup,False,2.23,2.18,22,,
2BYS,LOB,G,301,symmetry_dup,False,1.13,1.69,31,,
2BYS,LOB,H,301,symmetry_dup,False,1.94,1.87,23,,
2BYS,LOB,I,301,symmetry_dup,False,3.26,1.81,12,,
2BYS,LOB,J,301,symmetry_dup,False,3.04,1.94,16,,
2BYR,MLK,A,301,symmetry_dup,False,6.18,1.88,15,,
2BYR,MLK,B,301,symmetry_dup,False,6.16,1.72,14,,
2BYR,MLK,D,301,symmetry_dup,False,6.35,1.89,14,,
2BYR,MLK,E,301,symmetry_dup,False,5.94,1.76,13,,
2BYR,MLK,F,301,symmetry_dup,False,6.42,1.98,13,,
2BYR,MLK,G,301,symmetry_dup,False,4.68,1.8,28,,
2BYR,MLK,H,301,symmetry_dup,False,5.72,1.93,18,,
2BYR,MLK,J,301,symmetry_dup,False,6.12,1.88,14,,
2BYR,MLK,I,301,symmetry_dup,False,6.6,2.03,14,,
3SH1,MLK,F,301,symmetry_dup,False,5.62,1.82,16,,
3SH1,MLK,G,301,symmetry_dup,False,5.48,1.91,14,,
3SH1,MLK,A,301,symmetry_dup,False,5.35,1.87,15,,
3SH1,MLK,H,301,symmetry_dup,False,5.25,1.7,17,,
3SH1,MLK,I,301,symmetry_dup,False,5.62,1.85,16,,
3SH1,MLK,J,301,symmetry_dup,False,5.7,1.84,15,,
3SH1,MLK,B,301,symmetry_dup,False,6.15,1.91,18,,
3SH1,MLK,D,301,symmetry_dup,False,6.11,1.77,15,,
3SH1,MLK,C,301,symmetry_dup,False,6.07,1.87,15,,
3SIO,MLK,D,260,symmetry_dup,False,6.32,1.92,17,,
3SIO,MLK,E,260,symmetry_dup,False,5.94,1.83,23,,
3SIO,MLK,G,260,symmetry_dup,False,4.96,1.76,24,,
3SIO,MLK,H,260,symmetry_dup,False,6.23,1.83,20,,
3SIO,MLK,I,260,symmetry_dup,False,6.28,1.89,16,,
3SIO,MLK,J,260,symmetry_dup,False,5.98,1.83,23,,
3SIO,MLK,B,260,symmetry_dup,False,4.82,1.66,24,,
3SIO,MLK,C,260,symmetry_dup,False,6.39,1.93,22,,
3SIO,MLK,F,260,symmetry_dup,False,4.83,1.71,27,,
3WTN,N2Y,B,301,symmetry_dup,False,0.97,0.84,46,,
3WTO,N2Y,C,301,symmetry_dup,False,1.44,1.89,22,,
3WTO,N2Y,B,301,symmetry_dup,False,1.02,0.89,46,,
1UW6,NCT,F,1208,symmetry_dup,False,2.32,1.82,18,,
1UW6,NCT,D,1208,symmetry_dup,False,2.0,1.87,20,,
1UW6,NCT,C,1206,symmetry_dup,False,1.13,0.82,46,,
1UW6,NCT,B,1206,symmetry_dup,False,0.99,0.9,45,,
1UW6,NCT,T,1208,symmetry_dup,False,2.25,1.83,20,,
1UW6,NCT,S,1206,symmetry_dup,False,0.88,0.9,45,,
1UW6,NCT,R,1208,symmetry_dup,False,2.33,1.88,20,,
1UW6,NCT,Q,1206,symmetry_dup,False,1.24,0.74,45,,
1UW6,NCT,P,1206,symmetry_dup,False,1.08,0.94,45,,
1UW6,NCT,O,1206,symmetry_dup,False,1.09,0.76,45,,
1UW6,NCT,M,1208,symmetry_dup,False,2.31,1.74,16,,
1UW6,NCT,L,1206,symmetry_dup,False,1.15,0.72,45,,
1UW6,NCT,K,1206,symmetry_dup,False,1.05,0.82,46,,
1UW6,NCT,J,1206,symmetry_dup,False,1.1,0.89,45,,
1UW6,NCT,I,1206,symmetry_dup,False,0.93,0.92,45,,
1UW6,NCT,H,1206,symmetry_dup,False,1.27,0.76,45,,
1UW6,NCT,G,1206,symmetry_dup,False,0.99,0.73,45,,
5KXI,NCT,A,402,symmetry_dup,False,0.7,0.65,47,,
5O87,NCT,C,601,symmetry_dup,False,1.11,1.84,24,,
5O87,NCT,A,601,symmetry_dup,False,1.65,1.92,20,,
5O87,NCT,G,601,symmetry_dup,False,1.26,1.85,23,,
6CNJ,NCT,D,402,symmetry_dup,False,1.22,0.54,47,,
6CNK,NCT,D,401,symmetry_dup,False,1.07,0.55,47,,
6CNK,NCT,A,405,symmetry_dup,False,1.18,0.69,47,,
4NZB,NSE,E,301,symmetry_dup,False,1.55,1.35,35,,
9SG3,PHN,B,302,symmetry_dup,False,1.74,1.24,39,,
9SG3,PHN,G,301,symmetry_dup,False,2.45,1.35,37,,
4AFT,QMR,A,301,symmetry_dup,False,1.0,1.79,27,,
4AFT,QMR,C,301,symmetry_dup,False,0.74,1.76,35,,
4AFT,QMR,D,301,symmetry_dup,False,1.03,1.77,21,,
4AFT,QMR,E,301,symmetry_dup,False,0.82,1.81,25,,
5AIN,QMR,C,1207,symmetry_dup,False,1.39,1.84,17,,
5AIN,QMR,D,1207,symmetry_dup,False,1.47,1.88,18,,
6UR8,QMR,D,702,symmetry_dup,False,1.29,0.55,47,,
6USF,QMR,D,502,symmetry_dup,False,1.29,0.61,47,,
2WZY,SQX,J,301,symmetry_dup,False,4.97,1.85,16,,
2WZY,SQX,I,301,symmetry_dup,False,4.62,1.86,14,,
2WZY,SQX,H,301,symmetry_dup,False,4.64,1.84,14,,
2WZY,SQX,G,301,symmetry_dup,False,4.46,1.85,17,,
2WZY,SQX,E,301,symmetry_dup,False,4.56,1.74,15,,
2WZY,SQX,D,301,symmetry_dup,False,4.81,1.78,12,,
2WZY,SQX,C,301,symmetry_dup,False,3.04,1.73,23,,
2WZY,SQX,B,301,symmetry_dup,False,4.62,1.73,14,,
2WZY,SQX,A,301,symmetry_dup,False,4.92,1.77,13,,
2XYS,SY9,A,1206,symmetry_dup,False,3.34,1.5,32,,
2XYS,SY9,B,1206,symmetry_dup,False,3.36,1.78,33,,
2XYS,SY9,D,1206,symmetry_dup,False,3.2,1.51,33,,
2XYS,SY9,E,1206,symmetry_dup,False,3.97,1.96,27,,
5O8T,SY9,B,601,symmetry_dup,False,3.63,1.75,31,,
5O8T,SY9,D,601,symmetry_dup,False,3.51,1.83,33,,
5O8T,SY9,C,601,symmetry_dup,False,4.63,1.77,18,,
5O8T,SY9,A,601,symmetry_dup,False,3.95,1.79,22,,
5OA0,SY9,C,602,symmetry_dup,False,3.48,1.48,31,,
5OA0,SY9,D,601,symmetry_dup,False,3.46,1.33,33,,
5OA0,SY9,E,601,symmetry_dup,False,3.0,1.0,40,,
5OA0,SY9,A,601,symmetry_dup,False,3.6,1.51,32,,
5OAL,SY9,M,401,symmetry_dup,False,3.81,1.58,24,,
5OAL,SY9,C,401,symmetry_dup,False,4.35,1.64,19,,
5OAL,SY9,H,302,symmetry_dup,False,3.95,1.57,20,,
5OAL,SY9,I,301,symmetry_dup,False,3.48,1.64,23,,
5OAL,SY9,K,401,symmetry_dup,False,4.04,1.56,22,,
5OAL,SY9,A,401,symmetry_dup,False,4.0,1.56,19,,
5OAL,SY9,N,302,symmetry_dup,False,4.75,1.87,15,,
5OAL,SY9,L,401,symmetry_dup,False,4.19,1.6,21,,
5OBG,SY9,B,601,symmetry_dup,False,2.8,1.69,18,,
5OBG,SY9,D,601,symmetry_dup,False,3.15,1.76,17,,
5OBG,SY9,A,601,symmetry_dup,False,2.49,1.77,19,,
5OBG,SY9,C,601,symmetry_dup,False,3.87,1.77,18,,
3WTJ,TH4,B,301,symmetry_dup,False,3.03,1.92,20,,
5BRX,TI4,I,302,symmetry_dup,False,4.02,1.66,14,,
5BRX,TI4,F,303,symmetry_dup,False,3.66,1.76,16,,
4ZRU,TI9,H,301,symmetry_dup,False,0.54,1.1,36,,
4ZRU,TI9,G,302,symmetry_dup,False,0.64,1.08,37,,
4ZRU,TI9,F,303,symmetry_dup,False,0.59,0.99,34,,
4ZRU,TI9,E,301,symmetry_dup,False,0.59,1.07,35,,
4ZRU,TI9,D,302,symmetry_dup,False,0.57,1.12,38,,
4ZRU,TI9,B,302,symmetry_dup,False,0.66,1.11,37,,
4ZRU,TI9,A,303,symmetry_dup,False,0.9,0.98,42,,
4ZRU,TI9,J,301,symmetry_dup,False,0.84,0.98,42,,
4ZRU,TI9,I,303,symmetry_dup,False,0.66,1.09,37,,
7NDV,U8Q,A,301,symmetry_dup,False,6.02,1.17,40,,
7NDV,U8Q,G,301,symmetry_dup,False,5.96,1.55,31,,
7NDV,U8Q,F,301,symmetry_dup,False,6.16,1.26,39,,
7NDP,U8T,H,302,symmetry_dup,False,2.68,1.09,40,,
7NDP,U8T,I,301,symmetry_dup,False,2.86,1.2,42,,
7NDP,U8T,B,302,symmetry_dup,False,3.18,1.11,37,,
7NDP,U8T,C,301,symmetry_dup,False,2.64,1.15,41,,
7NDP,U8T,G,302,symmetry_dup,False,5.85,1.46,11,,
7NDP,U8T,E,402,symmetry_dup,False,3.63,1.16,38,,
2Y56,V11,C,301,symmetry_dup,False,2.5,1.71,31,,
2Y56,V11,B,301,symmetry_dup,False,2.34,1.68,30,,
2Y56,V11,E,301,symmetry_dup,False,2.41,1.6,32,,
2Y56,V11,A,301,symmetry_dup,False,2.42,1.64,32,,
2Y57,V37,B,301,symmetry_dup,False,2.22,1.77,36,,
2Y57,V37,C,301,symmetry_dup,False,2.26,1.67,34,,
2Y57,V37,E,301,symmetry_dup,False,1.99,1.68,37,,
2Y57,V37,A,301,symmetry_dup,False,2.3,1.68,33,,
2Y54,V63,A,301,symmetry_dup,False,3.2,1.66,32,,
2XNT,VU2,I,301,symmetry_dup,False,3.22,1.87,29,,
2XNT,VU2,J,301,symmetry_dup,False,3.4,2.0,30,,
2XNT,VU2,A,301,symmetry_dup,False,3.91,1.94,24,,
2XNT,VU2,C,301,symmetry_dup,False,3.62,1.91,27,,
2XNT,VU2,D,301,symmetry_dup,False,3.39,1.93,26,,
2XNT,VU2,F,301,symmetry_dup,False,4.17,2.0,26,,
2XNT,VU2,G,301,symmetry_dup,False,3.7,1.84,22,,
2XNT,VU2,H,301,symmetry_dup,False,3.83,1.94,25,,
2XNT,VU2,E,301,symmetry_dup,False,4.36,1.95,26,,
2XNV,VU3,J,301,symmetry_dup,False,3.27,1.91,32,,
2XNV,VU3,I,301,symmetry_dup,False,2.91,1.95,28,,
2XNV,VU3,H,301,symmetry_dup,False,4.0,1.88,20,,
2XNV,VU3,G,301,symmetry_dup,False,3.92,1.87,22,,
2XNV,VU3,F,301,symmetry_dup,False,3.47,1.95,24,,
2XNV,VU3,E,301,symmetry_dup,False,3.3,1.91,28,,
2XNV,VU3,C,301,symmetry_dup,False,3.46,1.94,25,,
2XNV,VU3,B,301,symmetry_dup,False,3.22,1.89,32,,
2XNV,VU3,A,301,symmetry_dup,False,4.15,1.97,24,,
8P1F,WCW,E,301,symmetry_dup,False,1.54,1.17,40,,
8P1F,WCW,I,301,symmetry_dup,False,0.66,1.21,40,,
8P22,WNO,H,301,symmetry_dup,False,5.42,1.47,39,,
8QTL,WSP,A,302,symmetry_dup,False,4.11,1.88,19,,
8QTL,WSP,C,301,symmetry_dup,False,3.45,1.6,25,,
8QTL,WSP,D,301,symmetry_dup,False,4.38,1.74,17,,
8QTL,WSP,B,301,symmetry_dup,False,6.5,1.94,14,,
3ZDH,XRS,H,301,symmetry_dup,False,1.22,1.02,41,,
3ZDH,XRS,G,301,symmetry_dup,False,1.1,1.09,41,,
3ZDH,XRS,D,301,symmetry_dup,False,1.12,1.05,39,,
3ZDH,XRS,C,301,symmetry_dup,False,1.23,0.96,37,,
3ZDG,XRX,P,301,symmetry_dup,False,0.55,1.12,38,,
3ZDG,XRX,Q,301,symmetry_dup,False,0.61,1.14,39,,
3ZDG,XRX,R,301,symmetry_dup,False,0.64,1.09,41,,
3ZDG,XRX,G,301,symmetry_dup,False,0.7,1.06,39,,
3ZDG,XRX,H,301,symmetry_dup,False,0.69,1.06,41,,
3ZDG,XRX,S,301,symmetry_dup,False,0.68,1.14,39,,
3ZDG,XRX,I,301,symmetry_dup,False,0.82,1.05,38,,
3ZDG,XRX,T,301,symmetry_dup,False,0.65,1.06,39,,
3ZDG,XRX,K,301,symmetry_dup,False,0.66,1.03,42,,
3ZDG,XRX,L,301,symmetry_dup,False,0.7,1.06,39,,
3ZDG,XRX,A,301,symmetry_dup,False,0.68,1.04,41,,
3ZDG,XRX,M,301,symmetry_dup,False,0.68,1.11,39,,
3ZDG,XRX,B,301,symmetry_dup,False,0.72,1.06,39,,
3ZDG,XRX,N,301,symmetry_dup,False,0.75,1.06,41,,
3ZDG,XRX,C,301,symmetry_dup,False,0.7,1.05,41,,
3ZDG,XRX,J,301,symmetry_dup,False,0.77,1.05,41,,
3ZDG,XRX,F,301,symmetry_dup,False,0.59,1.03,35,,
3ZDG,XRX,E,301,symmetry_dup,False,0.68,1.06,41,,
3ZDG,XRX,D,301,symmetry_dup,False,0.67,1.05,38,,
